open_time,open,high,low,close,volume
2025-05-06 17:00:00,94186.30,94800.00,94175.90,94470.80,6489.468
2025-05-06 18:00:00,94470.90,95050.00,94449.70,95027.60,5723.990
2025-05-06 19:00:00,95027.70,95119.90,94864.40,94910.80,5795.895
2025-05-06 20:00:00,94910.80,94979.60,94568.70,94625.30,4389.095
2025-05-06 21:00:00,94625.30,94750.10,94400.00,94637.90,2879.971
2025-05-06 22:00:00,94637.90,96248.90,94623.70,96206.20,25713.772
2025-05-06 23:00:00,96206.30,96879.50,96053.80,96798.90,16278.166
2025-05-07 00:00:00,96798.90,97476.90,96716.10,97379.60,15740.615
2025-05-07 01:00:00,97379.50,97700.00,97150.00,97208.60,9817.201
2025-05-07 02:00:00,97208.70,97245.10,96412.30,96582.30,12638.704
2025-05-07 03:00:00,96582.40,96623.00,96153.20,96453.80,11055.723
2025-05-07 04:00:00,96453.80,96655.80,96371.00,96527.60,4115.039
2025-05-07 05:00:00,96527.60,96527.60,96268.00,96334.20,2896.174
2025-05-07 06:00:00,96334.20,96613.60,96311.20,96512.90,3546.174
2025-05-07 07:00:00,96513.00,96963.00,96505.80,96940.00,4557.147
2025-05-07 08:00:00,96940.00,97033.60,96805.40,96972.20,4067.352
2025-05-07 09:00:00,96972.20,97008.00,96814.40,96936.60,2750.440
2025-05-07 10:00:00,96936.60,97077.60,96783.00,96979.90,4627.687
2025-05-07 11:00:00,96979.90,97034.90,96882.40,97000.00,2923.195
2025-05-07 12:00:00,97000.00,97150.00,96815.00,96920.90,5908.365
2025-05-07 13:00:00,96921.00,97265.40,96655.20,96967.70,10562.539
2025-05-07 14:00:00,96967.70,97446.80,96745.00,96884.70,11942.387
2025-05-07 15:00:00,96884.60,97112.90,96710.90,96889.00,6543.692
2025-05-07 16:00:00,96889.00,96916.50,96458.60,96800.90,8832.958
2025-05-07 17:00:00,96801.00,96846.50,96146.70,96277.40,7350.970
2025-05-07 18:00:00,96277.40,96825.10,95837.90,96548.70,20597.601
2025-05-07 19:00:00,96548.80,96575.60,95718.50,96124.60,11647.710
2025-05-07 20:00:00,96124.50,96723.90,96015.10,96723.80,6071.156
2025-05-07 21:00:00,96723.90,97293.40,96604.70,97084.90,7153.379
2025-05-07 22:00:00,97084.90,97276.60,96972.30,97225.00,4371.698
2025-05-07 23:00:00,97225.00,97363.80,96918.60,96988.40,5549.236
2025-05-08 00:00:00,96988.40,97800.00,96831.50,97725.10,8181.972
2025-05-08 01:00:00,97725.00,98350.00,97550.00,97769.20,22571.656
2025-05-08 02:00:00,97769.10,98815.20,97769.10,98625.80,17282.141
2025-05-08 03:00:00,98625.90,99199.90,98482.00,99097.90,12581.954
2025-05-08 04:00:00,99098.00,99374.30,98876.40,98905.30,14313.681
2025-05-08 05:00:00,98905.30,99092.30,98685.60,98700.00,7649.525
2025-05-08 06:00:00,98700.00,98986.30,98680.10,98980.50,4364.852
2025-05-08 07:00:00,98980.50,99343.60,98980.40,99212.00,6617.500
2025-05-08 08:00:00,99212.10,99800.00,99165.20,99615.00,13268.958
2025-05-08 09:00:00,99615.00,99759.90,99496.70,99741.10,5470.843
2025-05-08 10:00:00,99741.10,99863.30,99633.40,99729.90,5509.639
2025-05-08 11:00:00,99729.90,99730.00,99369.80,99369.80,7468.058
2025-05-08 12:00:00,99369.90,99516.20,99214.60,99250.00,7458.594
2025-05-08 13:00:00,99250.00,99586.80,99050.10,99256.30,10759.389
2025-05-08 14:00:00,99256.30,99777.00,99104.00,99321.10,12669.062
2025-05-08 15:00:00,99321.10,101493.20,99264.70,100730.80,52192.954
2025-05-08 16:00:00,100730.90,101315.70,100550.00,101235.90,15099.831
2025-05-08 17:00:00,101235.90,101686.70,100746.60,100976.50,14510.971
2025-05-08 18:00:00,100976.50,101436.60,100918.30,101320.10,6165.195
2025-05-08 19:00:00,101320.00,101326.00,100913.70,101254.20,9071.128
2025-05-08 20:00:00,101254.30,102845.50,101231.70,102576.90,22312.968
2025-05-08 21:00:00,102576.80,104305.30,102080.00,102799.90,27116.022
2025-05-08 22:00:00,102800.00,103200.00,102362.50,102991.70,8067.031
2025-05-08 23:00:00,102991.60,103270.00,102746.20,103228.10,6718.545
2025-05-09 00:00:00,103228.00,103228.10,102511.00,102799.00,8389.459
2025-05-09 01:00:00,102799.00,103125.00,102525.00,103070.00,5424.311
2025-05-09 02:00:00,103070.10,103070.10,102466.90,102575.00,4974.328
2025-05-09 03:00:00,102574.90,102778.60,102327.90,102419.50,5555.903
2025-05-09 04:00:00,102419.50,102851.50,102345.70,102801.40,3833.889
2025-05-09 05:00:00,102801.30,102938.90,102560.00,102938.90,3435.904
2025-05-09 06:00:00,102938.90,103225.70,102885.50,103189.10,6175.905
2025-05-09 07:00:00,103189.00,104373.00,103091.00,103597.40,17649.934
2025-05-09 08:00:00,103597.40,103920.00,102613.60,102936.60,15556.053
2025-05-09 09:00:00,102936.60,103257.80,102376.50,102885.40,13443.066
2025-05-09 10:00:00,102885.40,103433.10,102752.90,103323.80,7440.770
2025-05-09 11:00:00,103323.80,103450.00,102632.40,102914.50,9982.215
2025-05-09 12:00:00,102914.50,103120.00,102762.10,102860.00,4633.008
2025-05-09 13:00:00,102860.10,103746.80,102777.00,103587.90,9684.679
2025-05-09 14:00:00,103587.90,103715.30,102358.00,103110.90,17751.274
2025-05-09 15:00:00,103111.00,103269.70,102644.00,102852.90,6613.899
2025-05-09 16:00:00,102853.00,102891.00,102240.00,102446.60,8183.391
2025-05-09 17:00:00,102446.70,103203.30,102293.40,103173.10,7766.491
2025-05-09 18:00:00,103173.10,103336.10,102902.60,103142.60,4155.219
2025-05-09 19:00:00,103142.70,103247.80,102832.50,103145.50,3318.936
2025-05-09 20:00:00,103145.50,103366.00,103093.70,103143.50,2632.652
2025-05-09 21:00:00,103143.50,103178.40,102739.60,102943.00,3037.166
2025-05-09 22:00:00,102943.10,103036.70,102711.10,102745.80,1780.583
2025-05-09 23:00:00,102745.90,102949.30,102700.00,102941.90,1464.887
2025-05-10 00:00:00,102941.90,103081.70,102784.00,102821.10,3361.081
2025-05-10 01:00:00,102821.00,103080.00,102817.50,102932.70,2192.295
2025-05-10 02:00:00,102932.80,103232.00,102903.60,103104.20,1912.147
2025-05-10 03:00:00,103104.20,103193.00,102938.10,103179.40,1571.208
2025-05-10 04:00:00,103179.30,103179.40,102997.30,103121.50,1725.063
2025-05-10 05:00:00,103121.60,103327.80,103057.10,103319.90,2594.178
2025-05-10 06:00:00,103319.90,103919.90,103319.90,103908.00,7850.392
2025-05-10 07:00:00,103907.90,104085.00,103585.00,103721.70,5964.478
2025-05-10 08:00:00,103721.70,104066.20,103413.30,103587.70,5762.292
2025-05-10 09:00:00,103587.70,103871.30,103311.00,103723.20,5551.513
2025-05-10 10:00:00,103723.20,103846.10,103538.40,103540.00,3261.979
2025-05-10 11:00:00,103540.00,103607.30,103329.10,103374.60,3954.127
2025-05-10 12:00:00,103374.70,103781.10,103369.10,103646.70,3542.358
2025-05-10 13:00:00,103646.60,103750.00,103481.90,103581.40,2450.630
2025-05-10 14:00:00,103581.40,103630.70,103364.00,103476.60,2641.516
2025-05-10 15:00:00,103476.60,103487.50,103038.70,103102.60,4972.757
2025-05-10 16:00:00,103102.60,103495.00,103090.60,103390.60,4093.864
2025-05-10 17:00:00,103390.60,103589.00,103111.00,103135.90,4665.227
2025-05-10 18:00:00,103135.80,103300.00,102940.00,103196.90,4237.033
2025-05-10 19:00:00,103197.00,103272.50,103045.00,103148.60,1751.678
2025-05-10 20:00:00,103148.70,103276.10,103016.20,103144.90,1490.450
2025-05-10 21:00:00,103144.90,103777.50,103116.10,103719.00,3389.513
2025-05-10 22:00:00,103719.00,103817.50,103508.30,103551.20,3460.069
2025-05-10 23:00:00,103551.20,105000.10,103523.40,104788.80,21988.689
2025-05-11 00:00:00,104788.80,104950.00,103886.90,104381.40,11197.461
2025-05-11 01:00:00,104381.50,104499.90,103816.50,104092.00,4983.285
2025-05-11 02:00:00,104092.00,104239.00,103406.30,103712.50,7235.202
2025-05-11 03:00:00,103712.50,104148.40,103600.00,103947.80,3860.879
2025-05-11 04:00:00,103947.80,104363.90,103940.40,104118.00,3893.323
2025-05-11 05:00:00,104118.00,104161.70,103766.00,103800.00,3152.910
2025-05-11 06:00:00,103800.00,103942.60,103560.00,103809.10,4158.754
2025-05-11 07:00:00,103809.20,103829.20,103283.30,103327.90,7773.698
2025-05-11 08:00:00,103327.80,103993.70,103321.00,103783.90,6860.469
2025-05-11 09:00:00,103783.90,104455.10,103780.80,104313.10,5469.808
2025-05-11 10:00:00,104313.10,104637.60,104158.60,104608.00,5624.512
2025-05-11 11:00:00,104608.10,104750.00,104319.20,104613.70,6090.493
2025-05-11 12:00:00,104613.70,104873.50,104485.10,104561.70,6182.500
2025-05-11 13:00:00,104561.80,104629.40,103897.60,103929.90,7592.466
2025-05-11 14:00:00,103930.00,104239.40,103726.60,104113.30,8880.948
2025-05-11 15:00:00,104113.30,104645.40,103854.60,104083.00,8257.049
2025-05-11 16:00:00,104082.90,104130.10,103691.90,103941.40,5497.963
2025-05-11 17:00:00,103941.40,104107.60,103737.50,103986.30,3461.316
2025-05-11 18:00:00,103986.30,104800.00,103802.70,104490.60,7876.731
2025-05-11 19:00:00,104490.60,104618.80,104301.60,104373.80,3885.616
2025-05-11 20:00:00,104373.80,104405.20,104109.60,104224.10,2374.438
2025-05-11 21:00:00,104224.10,104347.10,103900.00,104314.20,3462.357
2025-05-11 22:00:00,104314.20,104526.30,103502.40,103749.00,7664.161
2025-05-11 23:00:00,103749.10,104100.00,103710.00,104072.70,3700.082
2025-05-12 00:00:00,104072.70,104600.00,104022.70,104541.50,6065.412
2025-05-12 01:00:00,104541.40,105190.40,103700.00,103965.90,15558.851
2025-05-12 02:00:00,103965.90,104168.60,103664.80,103852.00,5136.758
2025-05-12 03:00:00,103851.90,104064.00,103669.90,104064.00,3661.789
2025-05-12 04:00:00,104064.00,104135.00,103777.00,104025.10,2918.546
2025-05-12 05:00:00,104025.10,104037.20,103696.30,103906.30,3221.471
2025-05-12 06:00:00,103906.40,104375.00,103752.30,104346.20,4309.508
2025-05-12 07:00:00,104346.20,105863.10,104101.60,104426.20,41702.704
2025-05-12 08:00:00,104426.30,104684.00,104016.50,104560.60,9396.281
2025-05-12 09:00:00,104560.60,104623.10,104313.90,104406.60,4020.986
2025-05-12 10:00:00,104406.60,104492.40,104099.90,104471.80,4205.756
2025-05-12 11:00:00,104471.80,104584.40,103550.00,103705.10,10013.287
2025-05-12 12:00:00,103705.00,104100.00,103663.00,103828.90,6570.342
2025-05-12 13:00:00,103828.90,104620.10,103614.10,104283.20,15701.002
2025-05-12 14:00:00,104283.20,104368.10,102510.00,102757.20,30005.582
2025-05-12 15:00:00,102757.20,103156.20,102345.00,102481.70,17878.915
2025-05-12 16:00:00,102481.80,103029.70,102380.00,102800.20,8751.838
2025-05-12 17:00:00,102800.10,103040.80,102475.80,102507.70,5071.115
2025-05-12 18:00:00,102507.60,102619.00,100678.00,101583.70,32616.074
2025-05-12 19:00:00,101583.60,102076.90,101440.00,101812.80,9408.580
2025-05-12 20:00:00,101812.90,102859.10,101728.30,102639.60,9175.727
2025-05-12 21:00:00,102639.50,102713.50,102314.80,102459.90,3267.318
2025-05-12 22:00:00,102460.00,102888.00,102306.10,102810.70,3560.501
2025-05-12 23:00:00,102812.50,103080.90,102737.10,102739.30,4324.356
2025-05-13 00:00:00,102739.30,102743.90,102119.40,102230.70,5127.444
2025-05-13 01:00:00,102230.70,102678.20,102028.00,102359.70,6418.442
2025-05-13 02:00:00,102359.70,102674.70,101643.20,102032.10,8361.569
2025-05-13 03:00:00,102032.10,102137.50,101400.00,101681.30,5704.466
2025-05-13 04:00:00,101681.30,102727.80,101580.40,102700.10,8462.433
2025-05-13 05:00:00,102700.00,102700.10,102222.00,102429.40,4060.465
2025-05-13 06:00:00,102429.50,102650.00,102288.50,102505.90,2816.279
2025-05-13 07:00:00,102505.90,102900.00,102502.70,102624.00,3118.982
2025-05-13 08:00:00,102624.00,102922.00,102507.60,102676.40,4509.190
2025-05-13 09:00:00,102676.50,103468.00,102676.40,103406.90,7597.826
2025-05-13 10:00:00,103407.00,103570.00,103214.50,103516.70,5248.480
2025-05-13 11:00:00,103516.80,103778.90,103408.30,103685.50,5331.477
2025-05-13 12:00:00,103685.50,103930.10,103370.00,103636.60,14289.860
2025-05-13 13:00:00,103636.60,103885.30,103333.70,103673.20,9152.886
2025-05-13 14:00:00,103674.00,103700.10,102762.90,103148.20,13641.091
2025-05-13 15:00:00,103148.20,103823.00,103090.00,103633.10,7759.192
2025-05-13 16:00:00,103633.00,104365.00,103488.20,103682.60,10764.263
2025-05-13 17:00:00,103682.70,104271.20,103656.10,104215.50,6218.486
2025-05-13 18:00:00,104215.50,104384.70,104035.00,104319.90,5014.433
2025-05-13 19:00:00,104320.00,104949.20,104100.60,104744.70,13691.270
2025-05-13 20:00:00,104744.70,104889.20,104345.60,104511.50,5229.216
2025-05-13 21:00:00,104511.50,104577.10,104128.20,104302.50,2942.085
2025-05-13 22:00:00,104302.50,104399.00,104036.50,104087.00,3402.648
2025-05-13 23:00:00,104087.00,104246.20,103795.50,104082.00,3505.845
2025-05-14 00:00:00,104082.00,104086.50,103703.70,103861.70,4144.257
2025-05-14 01:00:00,103861.70,104042.50,103639.00,103680.00,5532.795
2025-05-14 02:00:00,103680.00,103746.90,103445.90,103672.30,4378.422
2025-05-14 03:00:00,103672.40,103747.30,103409.00,103549.20,2863.944
2025-05-14 04:00:00,103549.10,103815.00,103422.80,103705.90,2835.644
2025-05-14 05:00:00,103706.00,103949.60,103650.80,103856.30,3517.984
2025-05-14 06:00:00,103856.20,103918.60,103606.50,103707.70,2385.622
2025-05-14 07:00:00,103707.80,103750.00,103314.00,103662.20,4581.840
2025-05-14 08:00:00,103662.20,103844.60,103150.00,103156.50,6694.232
2025-05-14 09:00:00,103156.50,103463.80,102815.00,103439.00,9525.925
2025-05-14 10:00:00,103439.00,103904.00,103416.10,103663.50,7893.159
2025-05-14 11:00:00,103663.40,104109.60,103663.40,103903.40,4954.485
2025-05-14 12:00:00,103903.30,104163.60,103859.90,103950.00,4728.514
2025-05-14 13:00:00,103950.10,104319.00,103445.50,103913.70,13211.907
2025-05-14 14:00:00,103913.70,103916.60,102838.00,103216.70,14103.444
2025-05-14 15:00:00,103216.70,103500.10,102773.40,103461.40,7950.257
2025-05-14 16:00:00,103461.30,103571.40,103107.10,103318.80,5144.582
2025-05-14 17:00:00,103318.80,103380.00,102536.00,103208.20,8058.986
2025-05-14 18:00:00,103208.20,103505.40,102977.50,103474.50,4114.594
2025-05-14 19:00:00,103474.50,103675.00,103199.30,103278.70,3405.918
2025-05-14 20:00:00,103278.80,103610.20,103248.90,103500.30,1919.214
2025-05-14 21:00:00,103500.30,103626.50,103375.00,103597.30,1228.949
2025-05-14 22:00:00,103597.40,103616.40,103378.80,103458.70,1393.168
2025-05-14 23:00:00,103458.70,103568.10,103305.00,103458.10,1696.255
2025-05-15 00:00:00,103458.10,103820.00,103442.60,103746.00,3262.268
2025-05-15 01:00:00,103746.00,103746.00,102910.10,102979.20,5597.975
2025-05-15 02:00:00,102979.20,103159.00,102853.90,102989.10,3247.243
2025-05-15 03:00:00,102989.10,103087.70,102663.50,102706.10,4465.421
2025-05-15 04:00:00,102706.00,102926.20,102656.00,102858.20,2937.592
2025-05-15 05:00:00,102858.20,102887.00,102278.10,102325.60,5861.940
2025-05-15 06:00:00,102325.70,102649.80,102074.80,102211.00,5837.944
2025-05-15 07:00:00,102211.00,102402.90,101677.00,101733.90,8611.394
2025-05-15 08:00:00,101734.00,102292.10,101711.00,102215.10,6855.326
2025-05-15 09:00:00,102215.20,102215.20,101433.00,101779.60,8290.880
2025-05-15 10:00:00,101779.60,101885.50,101556.20,101762.80,3997.480
2025-05-15 11:00:00,101762.90,102398.70,101735.20,102335.30,7078.534
2025-05-15 12:00:00,102335.30,102799.90,102222.00,102513.30,8762.051
2025-05-15 13:00:00,102513.40,102748.90,101459.00,102094.80,11941.073
2025-05-15 14:00:00,102094.70,102357.60,101270.80,101932.00,13941.473
2025-05-15 15:00:00,101931.90,103242.00,101869.10,103211.20,13737.717
2025-05-15 16:00:00,103211.20,103800.00,102980.20,103798.90,11418.669
2025-05-15 17:00:00,103798.90,104162.80,103601.20,103937.70,9693.650
2025-05-15 18:00:00,103937.70,103982.00,102580.90,102638.40,11445.040
2025-05-15 19:00:00,102638.40,103191.70,102500.00,103107.00,7986.796
2025-05-15 20:00:00,103107.10,103447.50,102828.40,103380.00,5021.839
2025-05-15 21:00:00,103378.60,103378.60,102662.00,103241.20,3708.267
2025-05-15 22:00:00,103241.20,103939.80,103200.60,103450.40,7988.760
2025-05-15 23:00:00,103450.50,103847.30,103181.80,103714.50,4654.774
2025-05-16 00:00:00,103714.20,103999.90,103603.90,103710.00,4255.250
2025-05-16 01:00:00,103710.00,104075.30,103414.80,104002.30,6401.298
2025-05-16 02:00:00,104002.30,104440.10,103880.00,104162.10,8318.011
2025-05-16 03:00:00,104162.10,104296.00,103945.70,103979.00,3517.987
2025-05-16 04:00:00,103979.10,104148.40,103762.30,103876.80,4021.639
2025-05-16 05:00:00,103876.80,104105.50,103773.50,103859.10,3039.316
2025-05-16 06:00:00,103859.20,104058.40,103818.00,103948.20,2278.193
2025-05-16 07:00:00,103948.20,104150.00,103640.00,103646.60,5103.428
2025-05-16 08:00:00,103646.50,103717.80,103062.30,103358.00,9965.330
2025-05-16 09:00:00,103357.90,103770.10,103357.90,103752.40,4744.352
2025-05-16 10:00:00,103752.40,103850.00,103580.90,103749.80,3085.849
2025-05-16 11:00:00,103749.80,103872.90,103509.90,103614.50,3730.819
2025-05-16 12:00:00,103614.60,103732.70,103427.90,103454.10,2846.290
2025-05-16 13:00:00,103454.20,104053.60,103400.00,103953.80,6614.968
2025-05-16 14:00:00,103953.70,103953.70,103300.00,103539.90,7929.980
2025-05-16 15:00:00,103540.00,104258.70,103540.00,104144.00,8873.297
2025-05-16 16:00:00,104144.00,104524.20,103788.70,104100.00,9708.253
2025-05-16 17:00:00,104100.00,104357.00,103724.90,103820.10,4185.062
2025-05-16 18:00:00,103820.10,104064.30,103634.00,103635.20,3679.115
2025-05-16 19:00:00,103635.20,104000.00,103533.20,103974.30,3353.840
2025-05-16 20:00:00,103974.30,103991.70,103468.70,103645.10,3078.961
2025-05-16 21:00:00,103645.00,103744.90,103451.40,103560.60,1833.523
2025-05-16 22:00:00,103560.70,103569.40,103361.60,103466.00,2778.419
2025-05-16 23:00:00,103466.00,103640.90,103370.00,103412.20,2169.869
2025-05-17 00:00:00,103412.20,103495.70,103036.10,103300.10,6856.014
2025-05-17 01:00:00,103300.00,103300.10,102541.60,102778.40,9352.841
2025-05-17 02:00:00,102778.40,103318.70,102699.70,103232.40,6900.666
2025-05-17 03:00:00,103232.50,103564.70,103114.50,103464.70,3465.568
2025-05-17 04:00:00,103464.60,103625.30,103415.20,103600.30,3389.091
2025-05-17 05:00:00,103600.40,103658.00,103275.80,103306.50,2555.822
2025-05-17 06:00:00,103306.50,103450.00,103239.60,103431.00,2360.789
2025-05-17 07:00:00,103431.00,103600.00,103380.30,103399.40,2121.343
2025-05-17 08:00:00,103399.50,103524.70,103046.80,103375.40,5719.122
2025-05-17 09:00:00,103375.50,103506.50,102770.10,102851.40,10415.947
2025-05-17 10:00:00,102851.40,102988.00,102772.00,102832.50,3097.578
2025-05-17 11:00:00,102832.40,103040.00,102705.00,102944.20,3253.821
2025-05-17 12:00:00,102944.10,103013.60,102844.00,102889.90,1849.736
2025-05-17 13:00:00,102890.00,103056.90,102591.00,102666.20,3928.542
2025-05-17 14:00:00,102666.20,103132.30,102658.10,103074.90,3328.736
2025-05-17 15:00:00,103074.90,103129.90,102894.30,102900.00,2053.060
2025-05-17 16:00:00,102900.10,103065.00,102706.60,102894.40,3264.225
2025-05-17 17:00:00,102894.50,103255.30,102880.50,103082.00,3203.481
2025-05-17 18:00:00,103081.90,103305.80,102921.30,102950.30,3134.411
2025-05-17 19:00:00,102950.30,103154.90,102875.00,103100.10,1344.527
2025-05-17 20:00:00,103100.10,103397.90,103029.80,103326.30,2117.763
2025-05-17 21:00:00,103326.30,103458.60,103081.30,103202.00,2816.801
2025-05-17 22:00:00,103202.00,103205.90,102851.50,102981.20,2531.047
2025-05-17 23:00:00,102981.30,103167.90,102902.20,103079.60,1311.738
2025-05-18 00:00:00,103079.50,103380.80,103052.20,103329.60,1915.308
2025-05-18 01:00:00,103329.70,103359.70,103088.10,103208.70,1603.242
2025-05-18 02:00:00,103208.80,103317.00,103193.40,103292.70,1004.078
2025-05-18 03:00:00,103292.80,103348.10,103089.00,103244.20,1917.246
2025-05-18 04:00:00,103244.30,103399.00,103244.30,103314.70,1347.769
2025-05-18 05:00:00,103314.70,103636.30,103314.60,103597.80,2880.036
2025-05-18 06:00:00,103597.80,103636.40,103300.20,103414.40,3073.547
2025-05-18 07:00:00,103414.40,103949.60,103383.80,103893.00,5809.768
2025-05-18 08:00:00,103893.00,104066.10,103781.30,103869.20,7134.909
2025-05-18 09:00:00,103869.30,103988.00,103800.10,103834.90,2308.352
2025-05-18 10:00:00,103835.00,103898.70,103759.00,103818.60,1880.951
2025-05-18 11:00:00,103818.60,103955.80,103754.40,103769.00,1547.626
2025-05-18 12:00:00,103769.00,103907.90,103660.70,103906.50,2538.282
2025-05-18 13:00:00,103906.50,104780.50,103850.30,104708.20,11333.434
2025-05-18 14:00:00,104708.10,105522.00,104508.90,105233.00,17434.907
2025-05-18 15:00:00,105233.00,105665.30,104925.10,105484.20,10522.501
2025-05-18 16:00:00,105484.20,105999.70,105138.80,105789.20,10239.136
2025-05-18 17:00:00,105789.20,105875.20,104796.70,104805.20,11266.759
2025-05-18 18:00:00,104804.20,104894.80,103884.70,104455.70,21288.123
2025-05-18 19:00:00,104455.70,104700.00,103800.00,103834.00,6793.453
2025-05-18 20:00:00,103834.10,104199.70,103217.20,104002.60,13085.264
2025-05-18 21:00:00,104002.50,104550.00,104002.50,104131.30,5389.525
2025-05-18 22:00:00,104131.20,105945.80,103906.20,105899.20,14282.945
2025-05-18 23:00:00,105899.30,106629.80,105420.00,106407.60,16627.123
2025-05-19 00:00:00,106407.50,107114.30,105130.00,105225.30,20227.812
2025-05-19 01:00:00,105225.20,105392.10,104700.10,105022.60,9822.913
2025-05-19 02:00:00,105022.60,105155.90,104530.00,104610.50,9005.738
2025-05-19 03:00:00,104610.40,104610.50,103502.40,103569.40,12270.411
2025-05-19 04:00:00,103569.50,103739.20,102740.20,102960.10,23748.171
2025-05-19 05:00:00,102960.10,103060.00,102501.00,102990.80,11038.475
2025-05-19 06:00:00,102990.70,103134.90,102038.80,102166.40,11939.632
2025-05-19 07:00:00,102166.40,103292.20,102126.30,103167.00,10284.842
2025-05-19 08:00:00,103167.10,103321.90,102872.90,103189.50,7071.808
2025-05-19 09:00:00,103189.50,103359.50,102956.40,103024.50,4730.260
2025-05-19 10:00:00,103024.60,103046.70,102800.00,102888.30,4797.246
2025-05-19 11:00:00,102888.30,103025.80,102732.80,102912.00,3971.736
2025-05-19 12:00:00,102912.10,102912.10,102088.90,102427.50,11350.872
2025-05-19 13:00:00,102427.50,103482.30,102253.40,103239.80,16075.233
2025-05-19 14:00:00,103239.80,104321.00,103123.80,104276.20,17376.370
2025-05-19 15:00:00,104276.10,104920.20,104219.40,104740.40,15876.889
2025-05-19 16:00:00,104740.50,105400.00,104426.80,105314.40,16204.453
2025-05-19 17:00:00,105314.40,105519.80,104896.20,105328.50,12638.771
2025-05-19 18:00:00,105328.40,105505.00,104656.30,104741.20,9952.931
2025-05-19 19:00:00,104741.20,105512.30,104588.00,105457.80,8364.726
2025-05-19 20:00:00,105457.90,105755.50,105277.50,105432.10,6826.948
2025-05-19 21:00:00,105432.10,105478.20,104982.00,105408.50,4412.481
2025-05-19 22:00:00,105408.50,105605.80,105144.60,105512.10,6014.868
2025-05-19 23:00:00,105512.10,105798.50,105409.70,105531.60,3822.018
2025-05-20 00:00:00,105531.50,106541.20,105511.00,105674.90,15366.951
2025-05-20 01:00:00,105674.80,106758.50,105650.00,106407.60,10268.472
2025-05-20 02:00:00,106407.60,106800.00,105937.90,106060.00,9053.942
2025-05-20 03:00:00,106059.90,106136.00,105480.10,105720.00,7943.475
2025-05-20 04:00:00,105720.00,106219.30,105500.90,106181.20,6064.050
2025-05-20 05:00:00,106181.10,106371.30,106016.60,106065.60,5385.009
2025-05-20 06:00:00,106065.50,106178.20,105345.40,105411.80,6519.389
2025-05-20 07:00:00,105411.80,105699.30,104868.50,104980.10,9252.160
2025-05-20 08:00:00,104980.10,105219.50,104808.60,105182.10,6748.135
2025-05-20 09:00:00,105182.00,105350.00,105137.40,105238.20,4499.970
2025-05-20 10:00:00,105238.20,105371.70,104942.20,104974.50,4495.685
2025-05-20 11:00:00,104974.50,105290.00,104868.50,105159.20,5046.349
2025-05-20 12:00:00,105159.30,105163.40,104600.00,104718.60,7532.016
2025-05-20 13:00:00,104718.60,104822.00,104115.20,104395.50,15291.843
2025-05-20 14:00:00,104395.50,104932.40,104244.40,104469.20,10321.230
2025-05-20 15:00:00,104469.20,105357.60,104439.60,105294.50,8308.367
2025-05-20 16:00:00,105294.50,105474.20,105028.40,105159.60,5643.082
2025-05-20 17:00:00,105159.60,106295.30,105159.50,106153.60,15301.779
2025-05-20 18:00:00,106153.60,106379.60,105188.40,105242.40,12509.698
2025-05-20 19:00:00,105242.50,107252.90,105156.80,106972.20,21133.831
2025-05-20 20:00:00,106972.30,107292.50,106361.60,106870.70,15055.442
2025-05-20 21:00:00,106870.60,107199.90,106079.10,106566.50,7647.981
2025-05-20 22:00:00,106566.60,106854.30,105875.80,106718.30,10014.474
2025-05-20 23:00:00,106718.30,107181.10,106587.70,106800.10,6783.916
2025-05-21 00:00:00,106800.00,107168.70,106400.00,106700.00,7008.688
2025-05-21 01:00:00,106700.00,107049.60,106358.90,106440.20,4037.591
2025-05-21 02:00:00,106440.20,106873.20,106146.90,106804.80,5810.311
2025-05-21 03:00:00,106804.80,107057.60,106705.00,106791.00,6055.143
2025-05-21 04:00:00,106791.00,107700.00,106669.80,107247.40,12171.182
2025-05-21 05:00:00,107247.30,107691.00,107234.30,107490.10,8334.021
2025-05-21 06:00:00,107490.20,107950.00,107251.30,107710.60,11140.055
2025-05-21 07:00:00,107710.60,107820.50,106400.00,106463.60,17888.805
2025-05-21 08:00:00,106463.70,106748.70,106302.60,106339.60,8149.309
2025-05-21 09:00:00,106339.70,106488.50,106037.90,106154.40,8198.299
2025-05-21 10:00:00,106154.40,106421.90,106090.30,106290.20,6896.170
2025-05-21 11:00:00,106290.20,106665.90,106212.60,106490.90,6934.953
2025-05-21 12:00:00,106490.90,106843.40,106361.20,106517.80,5830.851
2025-05-21 13:00:00,106517.80,107629.90,106277.80,107208.30,15568.201
2025-05-21 14:00:00,107208.30,108988.00,106933.20,108963.10,32819.499
2025-05-21 15:00:00,108963.00,109430.00,108270.00,108936.60,40746.943
2025-05-21 16:00:00,108936.60,109804.20,108660.20,109100.90,23589.578
2025-05-21 17:00:00,109101.00,109320.00,106085.30,106566.80,89476.166
2025-05-21 18:00:00,106566.90,107370.00,106271.20,106911.70,19997.759
2025-05-21 19:00:00,106911.70,108800.00,106550.00,108547.30,24049.432
2025-05-21 20:00:00,108547.20,108692.40,107671.70,108192.40,10359.915
2025-05-21 21:00:00,108192.30,108524.30,107884.40,108363.90,4407.624
2025-05-21 22:00:00,108363.90,108998.90,108233.90,108698.00,5871.300
2025-05-21 23:00:00,108697.90,110830.00,108614.20,109609.50,38248.059
2025-05-22 00:00:00,109609.60,110146.40,109153.40,109925.40,16028.352
2025-05-22 01:00:00,109925.30,110549.90,109640.30,109892.50,12972.009
2025-05-22 02:00:00,109892.50,110977.20,109792.80,110440.80,14969.670
2025-05-22 03:00:00,110440.70,111866.40,110304.90,111755.90,20784.985
2025-05-22 04:00:00,111755.90,111776.30,111204.70,111449.50,11239.270
2025-05-22 05:00:00,111449.50,111639.00,110772.80,110843.00,13148.073
2025-05-22 06:00:00,110843.00,111147.60,110433.10,110576.70,12853.501
2025-05-22 07:00:00,110576.80,111100.00,110433.00,111005.80,10332.865
2025-05-22 08:00:00,111005.80,111126.60,110350.00,110374.60,10556.033
2025-05-22 09:00:00,110374.60,110797.60,110238.50,110772.70,8396.212
2025-05-22 10:00:00,110772.60,110911.00,110555.50,110754.90,4876.262
2025-05-22 11:00:00,110754.90,111303.80,110457.60,110944.10,8919.960
2025-05-22 12:00:00,110944.00,111578.30,110766.90,111572.20,12305.808
2025-05-22 13:00:00,111572.30,111582.50,110844.60,110870.80,13574.188
2025-05-22 14:00:00,110870.90,111366.50,110492.80,110852.60,15496.032
2025-05-22 15:00:00,110852.60,111497.70,110735.90,111250.60,8569.959
2025-05-22 16:00:00,111251.00,111747.50,111051.10,111228.00,9385.231
2025-05-22 17:00:00,111228.10,111959.50,111120.60,111464.10,10261.047
2025-05-22 18:00:00,111464.20,111919.90,111327.50,111690.60,5445.498
2025-05-22 19:00:00,111690.70,111875.70,110860.50,111136.10,9442.602
2025-05-22 20:00:00,111136.20,111377.70,110777.40,111024.20,5371.994
2025-05-22 21:00:00,111024.30,111057.50,110704.10,110794.70,2871.355
2025-05-22 22:00:00,110794.80,111208.10,110794.80,110974.00,3298.917
2025-05-22 23:00:00,110974.10,111692.90,110974.10,111662.70,4967.210
2025-05-23 00:00:00,111662.60,111770.40,111338.70,111570.40,7724.805
2025-05-23 01:00:00,111570.50,111699.60,111144.20,111284.50,6563.994
2025-05-23 02:00:00,111284.60,111567.30,111126.10,111213.90,4983.126
2025-05-23 03:00:00,111213.90,111316.00,110958.50,111044.00,3687.515
2025-05-23 04:00:00,111044.00,111143.30,110483.60,110793.60,8443.923
2025-05-23 05:00:00,110793.70,110905.60,110605.60,110810.30,3570.847
2025-05-23 06:00:00,110810.40,110810.40,110351.50,110475.70,6908.920
2025-05-23 07:00:00,110475.80,110820.00,110470.40,110685.20,4837.879
2025-05-23 08:00:00,110685.30,110998.80,110677.70,110890.00,3837.952
2025-05-23 09:00:00,110890.10,111348.00,110861.80,111282.10,5211.904
2025-05-23 10:00:00,111282.20,111295.00,110773.10,111012.50,5103.378
2025-05-23 11:00:00,111012.60,111063.70,108816.00,109033.20,30984.026
2025-05-23 12:00:00,109033.20,109080.70,107250.00,108401.10,49038.892
2025-05-23 13:00:00,108401.10,109698.00,107914.50,109603.40,28125.229
2025-05-23 14:00:00,109603.40,109969.60,109423.30,109616.70,15682.759
2025-05-23 15:00:00,109616.50,109813.00,108858.80,108892.40,16008.244
2025-05-23 16:00:00,108892.50,109173.60,107950.00,109027.00,21272.879
2025-05-23 17:00:00,109027.10,109760.00,108963.90,109361.20,10694.016
2025-05-23 18:00:00,109361.10,109437.80,108600.00,108743.80,8721.537
2025-05-23 19:00:00,108743.90,109120.00,108531.80,108659.40,5524.197
2025-05-23 20:00:00,108659.50,108677.20,108119.10,108189.90,5048.821
2025-05-23 21:00:00,108190.00,108635.50,108000.00,108242.40,4709.966
2025-05-23 22:00:00,108242.40,108533.30,107588.00,107747.20,7348.481
2025-05-23 23:00:00,107747.30,107863.00,106721.90,107271.50,15447.057
2025-05-24 00:00:00,107271.60,107640.90,106836.00,107325.10,8841.573
2025-05-24 01:00:00,107325.20,107836.80,107306.10,107437.50,4903.825
2025-05-24 02:00:00,107437.60,107855.10,107188.10,107752.70,4468.089
2025-05-24 03:00:00,107752.60,108330.60,107698.30,108306.80,6169.352
2025-05-24 04:00:00,108306.70,108520.00,108238.10,108438.30,3505.200
2025-05-24 05:00:00,108438.40,108476.40,108065.30,108193.20,4715.178
2025-05-24 06:00:00,108193.10,108289.70,107640.80,107916.80,7502.645
2025-05-24 07:00:00,107916.90,108181.80,107520.00,107550.60,5823.421
2025-05-24 08:00:00,107550.70,108250.00,107546.10,108205.40,6396.962
2025-05-24 09:00:00,108205.40,108385.00,108108.10,108122.20,4732.354
2025-05-24 10:00:00,108122.20,109222.00,108115.00,109043.50,13922.210
2025-05-24 11:00:00,109043.60,109440.20,109043.50,109152.20,9372.158
2025-05-24 12:00:00,109152.20,109227.10,108556.00,108741.30,9394.752
2025-05-24 13:00:00,108741.20,108849.90,108495.80,108564.30,3900.156
2025-05-24 14:00:00,108564.20,108988.60,108550.00,108913.00,5591.697
2025-05-24 15:00:00,108913.10,109169.60,108778.50,108889.20,10530.794
2025-05-24 16:00:00,108889.10,109057.80,108647.10,108959.70,10112.744
2025-05-24 17:00:00,108959.70,109165.80,108839.00,108876.30,5390.416
2025-05-24 18:00:00,108876.20,109040.60,108737.00,108780.70,1633.722
2025-05-24 19:00:00,108780.60,108971.30,108730.90,108912.70,1820.485
2025-05-24 20:00:00,108912.70,109084.80,108813.50,108817.10,1754.616
2025-05-24 21:00:00,108817.00,108824.90,108530.00,108788.40,1868.558
2025-05-24 22:00:00,108788.50,108788.50,107923.10,108052.80,9612.478
2025-05-24 23:00:00,108052.80,108366.00,107394.70,107698.90,23195.373
2025-05-25 00:00:00,107699.00,108082.80,107234.00,107392.50,9385.630
2025-05-25 01:00:00,107392.40,107958.00,107142.00,107602.30,7346.380
2025-05-25 02:00:00,107602.40,107947.00,107422.20,107877.30,4174.015
2025-05-25 03:00:00,107877.30,108210.00,107857.30,108045.40,4035.542
2025-05-25 04:00:00,108045.40,108234.40,107890.80,108196.20,3172.372
2025-05-25 05:00:00,108196.20,108250.10,107921.40,108065.10,1969.807
2025-05-25 06:00:00,108065.10,108097.90,107631.40,107902.20,4011.555
2025-05-25 07:00:00,107902.20,107902.20,107387.80,107637.10,5288.978
2025-05-25 08:00:00,107637.10,107650.50,106879.40,107065.30,9806.218
2025-05-25 09:00:00,107065.30,107214.70,106653.00,107083.90,11244.887
2025-05-25 10:00:00,107083.90,107348.30,106758.40,106903.40,6850.600
2025-05-25 11:00:00,106903.40,107235.30,106788.80,107214.00,4963.283
2025-05-25 12:00:00,107214.00,107572.40,107145.00,107476.50,7937.818
2025-05-25 13:00:00,107476.50,107698.40,107250.00,107474.80,3821.112
2025-05-25 14:00:00,107474.70,107592.70,107100.00,107314.90,5025.657
2025-05-25 15:00:00,107314.80,107379.50,106497.00,106927.90,16327.508
2025-05-25 16:00:00,106928.00,107200.00,106593.40,107129.90,6806.258
2025-05-25 17:00:00,107130.00,107330.80,107043.80,107323.00,2524.553
2025-05-25 18:00:00,107323.10,107565.30,107212.50,107361.60,2176.948
2025-05-25 19:00:00,107361.50,107888.00,107361.00,107656.30,2908.944
2025-05-25 20:00:00,107656.30,107706.80,107369.20,107632.00,2552.037
2025-05-25 21:00:00,107632.00,107864.70,107118.80,107406.70,3348.869
2025-05-25 22:00:00,107406.80,109169.00,107292.30,109122.60,23349.362
2025-05-25 23:00:00,109122.60,109285.10,108499.20,108955.90,10437.470
2025-05-26 00:00:00,108956.00,109571.10,108616.60,109500.10,9168.767
2025-05-26 01:00:00,109500.10,109856.00,109174.50,109500.10,11840.511
2025-05-26 02:00:00,109500.10,109738.00,109151.30,109353.20,5808.330
2025-05-26 03:00:00,109353.20,109730.00,109233.90,109587.00,4478.383
2025-05-26 04:00:00,109587.10,109698.20,109450.00,109497.00,3927.140
2025-05-26 05:00:00,109497.00,109648.30,109327.40,109591.60,3640.247
2025-05-26 06:00:00,109591.50,109919.80,109475.70,109885.30,4764.096
2025-05-26 07:00:00,109885.30,110197.90,109677.40,110049.90,9490.064
2025-05-26 08:00:00,110049.90,110138.80,109551.00,109619.90,5234.481
2025-05-26 09:00:00,109620.00,109939.00,109545.60,109663.20,4178.418
2025-05-26 10:00:00,109663.20,109815.50,109508.80,109589.70,2519.871
2025-05-26 11:00:00,109589.70,109791.70,109500.00,109736.70,2946.620
2025-05-26 12:00:00,109736.60,110048.20,109608.80,109781.50,3778.301
2025-05-26 13:00:00,109781.60,109935.20,109412.90,109549.20,5724.320
2025-05-26 14:00:00,109549.10,109700.00,109456.50,109616.10,5896.073
2025-05-26 15:00:00,109616.10,110400.00,109486.00,109963.20,14901.373
2025-05-26 16:00:00,109963.20,110394.70,109042.30,109347.10,17652.520
2025-05-26 17:00:00,109347.10,109662.30,108850.00,109138.00,7659.264
2025-05-26 18:00:00,109138.00,109432.90,108957.00,109067.30,4268.358
2025-05-26 19:00:00,109067.30,109147.40,108807.00,109074.30,4644.354
2025-05-26 20:00:00,109074.40,109615.70,108894.00,109547.70,4318.779
2025-05-26 21:00:00,109547.70,109613.40,109085.70,109297.90,2729.611
2025-05-26 22:00:00,109297.90,109863.20,109115.20,109143.80,4355.953
2025-05-26 23:00:00,109143.80,109420.60,109009.00,109386.80,3066.386
2025-05-27 00:00:00,109386.80,109633.80,109084.00,109104.80,3830.727
2025-05-27 01:00:00,109104.80,109105.20,107438.00,108354.40,28818.043
2025-05-27 02:00:00,108354.40,108659.10,107855.00,108220.00,8364.705
2025-05-27 03:00:00,108220.10,109285.40,108220.00,108844.90,10567.158
2025-05-27 04:00:00,108845.00,109319.50,108808.50,108895.70,4775.325
2025-05-27 05:00:00,108895.60,108937.10,108483.00,108866.40,6288.232
2025-05-27 06:00:00,108866.50,109233.10,108780.60,108780.60,6559.859
2025-05-27 07:00:00,108780.70,109600.00,108780.60,109488.00,7275.161
2025-05-27 08:00:00,109488.00,109729.50,109440.20,109651.30,7002.536
2025-05-27 09:00:00,109651.40,109861.50,109366.90,109788.50,8097.338
2025-05-27 10:00:00,109788.50,109814.20,109571.50,109647.90,3087.924
2025-05-27 11:00:00,109647.90,109729.80,109388.90,109541.80,3843.849
2025-05-27 12:00:00,109541.90,109779.70,109388.90,109550.60,4509.636
2025-05-27 13:00:00,109550.60,110700.00,109526.20,109791.60,34268.728
2025-05-27 14:00:00,109791.50,110185.50,108609.40,109334.80,23141.424
2025-05-27 15:00:00,109334.90,110195.80,108954.50,110091.30,15692.498
2025-05-27 16:00:00,110091.30,110459.70,109901.00,110169.90,9200.199
2025-05-27 17:00:00,110170.00,110408.20,109918.90,110188.90,6526.120
2025-05-27 18:00:00,110188.80,110383.80,109736.80,109837.20,5527.798
2025-05-27 19:00:00,109837.10,110016.10,109516.10,109822.80,6169.816
2025-05-27 20:00:00,109824.80,109857.60,109493.40,109493.50,2988.800
2025-05-27 21:00:00,109493.40,109633.10,108770.10,108873.70,6896.650
2025-05-27 22:00:00,108873.70,109114.70,108533.50,108960.60,6811.033
2025-05-27 23:00:00,108960.60,109114.70,108858.20,108889.30,3356.346
2025-05-28 00:00:00,108889.20,109235.00,108631.00,109152.00,5538.168
2025-05-28 01:00:00,109152.00,109252.60,108577.90,108623.10,5018.983
2025-05-28 02:00:00,108623.20,108838.10,108339.20,108576.60,7127.970
2025-05-28 03:00:00,108576.60,108925.50,108517.50,108807.60,2884.568
2025-05-28 04:00:00,108807.30,109035.50,108568.70,108935.50,3393.631
2025-05-28 05:00:00,108935.40,109040.70,108785.40,108934.40,2381.147
2025-05-28 06:00:00,108934.40,108934.40,108580.00,108674.50,3703.057
2025-05-28 07:00:00,108674.40,108958.60,108661.60,108764.90,2599.252
2025-05-28 08:00:00,108764.90,109076.20,108534.50,108989.80,5516.699
2025-05-28 09:00:00,108989.90,109034.00,108450.00,108751.30,7739.760
2025-05-28 10:00:00,108751.40,108913.90,108178.10,108786.20,9074.870
2025-05-28 11:00:00,108786.30,108912.40,108674.80,108821.40,3646.280
2025-05-28 12:00:00,108821.30,109012.00,108733.10,108833.00,4461.643
2025-05-28 13:00:00,108833.00,108943.40,107888.00,108011.50,13768.399
2025-05-28 14:00:00,108011.40,108210.70,107415.00,107475.80,20740.247
2025-05-28 15:00:00,107475.80,107641.10,107000.00,107065.50,14538.933
2025-05-28 16:00:00,107065.50,107408.00,107065.40,107384.60,7324.276
2025-05-28 17:00:00,107384.60,107793.00,107305.20,107617.10,7619.481
2025-05-28 18:00:00,107617.20,107789.30,107331.30,107424.80,3898.667
2025-05-28 19:00:00,107424.70,107746.90,106881.50,106894.10,7130.649
2025-05-28 20:00:00,106894.00,107370.50,106723.90,107285.60,7266.942
2025-05-28 21:00:00,107285.50,107536.90,107134.40,107446.80,2309.619
2025-05-28 22:00:00,107446.80,107446.80,107100.00,107347.90,2447.002
2025-05-28 23:00:00,107347.90,107999.00,107347.80,107723.10,8287.516
2025-05-29 00:00:00,107723.10,108266.10,107378.60,108235.80,7492.892
2025-05-29 01:00:00,108235.80,108288.00,107748.00,108103.40,6176.237
2025-05-29 02:00:00,108103.50,108450.00,107872.80,108383.10,5546.369
2025-05-29 03:00:00,108383.20,108387.30,107902.10,107996.40,3759.226
2025-05-29 04:00:00,107996.50,108056.80,106877.40,107516.20,11801.598
2025-05-29 05:00:00,107516.20,107715.90,107409.10,107631.60,3388.209
2025-05-29 06:00:00,107631.70,107910.00,107589.50,107874.60,3556.575
2025-05-29 07:00:00,107874.60,107983.90,107709.00,107839.40,2395.713
2025-05-29 08:00:00,107839.50,108537.60,107638.60,108434.30,8584.724
2025-05-29 09:00:00,108434.30,108599.90,108242.50,108472.30,6141.577
2025-05-29 10:00:00,108472.30,108827.10,108350.00,108712.70,6829.536
2025-05-29 11:00:00,108712.80,108860.00,108616.20,108740.00,6139.165
2025-05-29 12:00:00,108740.00,108772.90,108312.50,108388.90,7754.799
2025-05-29 13:00:00,108388.90,108548.30,107376.30,107569.10,16528.700
2025-05-29 14:00:00,107569.10,107788.00,106400.00,107571.10,31877.455
2025-05-29 15:00:00,107571.10,107693.50,106896.60,106972.50,10181.735
2025-05-29 16:00:00,106972.60,107121.10,106531.90,106691.10,13079.326
2025-05-29 17:00:00,106691.00,106850.00,106050.00,106254.80,15336.479
2025-05-29 18:00:00,106254.90,106570.60,105729.90,105787.90,11974.913
2025-05-29 19:00:00,105787.80,106035.70,105580.00,105699.20,11818.576
2025-05-29 20:00:00,105699.10,106167.00,105683.70,106134.10,5683.311
2025-05-29 21:00:00,106134.10,106415.00,106043.50,106397.80,3320.976
2025-05-29 22:00:00,106397.90,106408.50,105858.00,105886.30,3953.585
2025-05-29 23:00:00,105886.30,106042.40,105054.20,105539.90,9779.579
2025-05-30 00:00:00,105539.90,106175.90,104521.00,104900.30,16811.065
2025-05-30 01:00:00,104900.50,105881.30,104888.00,105621.90,14375.173
2025-05-30 02:00:00,105621.90,106129.00,105600.00,105952.30,6625.705
2025-05-30 03:00:00,105952.30,106138.50,105866.30,105978.80,4141.387
2025-05-30 04:00:00,105978.80,106087.50,105850.50,106065.00,3348.221
2025-05-30 05:00:00,106064.90,106266.00,105975.00,106027.90,3390.435
2025-05-30 06:00:00,106028.00,106087.30,105468.50,105671.50,6872.463
2025-05-30 07:00:00,105671.40,105810.10,104680.40,104997.50,14827.319
2025-05-30 08:00:00,104997.50,105323.20,104803.30,105129.60,8085.254
2025-05-30 09:00:00,105129.60,105620.00,104568.00,105580.80,11924.568
2025-05-30 10:00:00,105580.70,105880.00,105235.70,105863.40,8994.074
2025-05-30 11:00:00,105863.40,105940.10,105636.00,105827.40,6030.356
2025-05-30 12:00:00,105827.40,105949.10,105091.90,105630.80,13145.199
2025-05-30 13:00:00,105630.80,105943.00,105320.00,105450.80,9170.267
2025-05-30 14:00:00,105450.80,105796.80,105000.10,105307.20,9842.955
2025-05-30 15:00:00,105307.30,105795.40,105257.90,105504.00,6130.373
2025-05-30 16:00:00,105504.00,105531.50,103650.20,103867.40,29240.306
2025-05-30 17:00:00,103867.50,104260.00,103808.50,104146.00,8577.424
2025-05-30 18:00:00,104146.00,104878.00,104029.00,104858.90,8069.694
2025-05-30 19:00:00,104858.80,104957.50,104444.00,104597.60,6121.240
2025-05-30 20:00:00,104597.60,104805.80,104355.00,104544.90,4134.931
2025-05-30 21:00:00,104544.90,104849.90,104463.30,104587.10,2439.379
2025-05-30 22:00:00,104587.20,104750.00,103900.10,103920.10,7504.695
2025-05-30 23:00:00,103920.00,104210.20,103555.00,103950.00,9898.819
2025-05-31 00:00:00,103949.90,104259.40,103501.00,103923.70,8679.718
2025-05-31 01:00:00,103923.70,104160.90,103231.60,103426.50,9997.131
2025-05-31 02:00:00,103426.50,103827.30,103061.60,103150.10,7813.384
2025-05-31 03:00:00,103150.10,103663.60,103032.10,103640.10,6465.623
2025-05-31 04:00:00,103640.20,103780.00,103433.10,103761.60,3448.807
2025-05-31 05:00:00,103761.70,103863.60,103455.20,103485.90,3053.948
2025-05-31 06:00:00,103485.90,103863.00,103482.60,103807.30,2746.572
2025-05-31 07:00:00,103807.40,103811.40,103579.10,103700.60,1814.302
2025-05-31 08:00:00,103700.50,103770.20,103466.20,103610.60,2673.950
2025-05-31 09:00:00,103610.70,103693.50,103435.10,103500.10,2247.234
2025-05-31 10:00:00,103500.00,103567.90,103249.90,103372.30,3659.704
2025-05-31 11:00:00,103372.30,103500.00,103257.00,103460.90,1966.669
2025-05-31 12:00:00,103460.90,103984.20,103444.40,103984.20,5504.650
2025-05-31 13:00:00,103984.10,104150.90,103920.70,104060.90,6368.094
2025-05-31 14:00:00,104061.00,104537.90,104053.00,104513.20,8972.310
2025-05-31 15:00:00,104513.20,104800.00,104379.20,104497.10,8782.707
2025-05-31 16:00:00,104497.10,104743.80,104335.20,104432.40,4717.885
2025-05-31 17:00:00,104432.40,104575.40,104215.00,104304.20,2717.199
2025-05-31 18:00:00,104304.20,104578.50,104304.20,104444.80,1602.059
2025-05-31 19:00:00,104444.80,104700.00,104444.80,104653.90,2054.105
2025-05-31 20:00:00,104653.90,104770.80,104490.00,104728.90,1551.444
2025-05-31 21:00:00,104728.80,104833.90,104585.70,104817.30,2246.549
2025-05-31 22:00:00,104817.40,104859.30,104550.00,104567.20,1795.762
2025-05-31 23:00:00,104567.30,104799.60,104423.00,104544.70,2728.034
2025-06-01 00:00:00,104544.60,104599.60,104277.30,104408.70,3438.526
2025-06-01 01:00:00,104408.70,104477.80,103917.90,104085.20,4516.505
2025-06-01 02:00:00,104085.10,104289.70,103860.90,104143.90,3458.856
2025-06-01 03:00:00,104144.00,104425.00,103930.00,104336.40,2927.375
2025-06-01 04:00:00,104336.40,104700.00,104313.90,104587.80,2826.436
2025-06-01 05:00:00,104587.80,104671.80,104386.70,104485.70,1942.554
2025-06-01 06:00:00,104485.70,104485.70,104138.00,104206.80,2853.904
2025-06-01 07:00:00,104206.80,104327.50,104148.00,104231.00,1846.784
2025-06-01 08:00:00,104230.90,104349.10,104168.00,104342.70,1960.389
2025-06-01 09:00:00,104342.70,104410.50,103704.10,103888.00,7567.789
2025-06-01 10:00:00,103888.00,103996.70,103727.10,103887.80,2955.110
2025-06-01 11:00:00,103887.80,104105.60,103800.70,104038.00,3072.250
2025-06-01 12:00:00,104038.00,104144.10,103708.60,103917.10,3159.511
2025-06-01 13:00:00,103917.10,104393.10,103903.50,104216.00,4314.051
2025-06-01 14:00:00,104215.90,104731.20,104215.90,104551.60,5276.186
2025-06-01 15:00:00,104551.50,104760.00,104435.40,104664.00,4147.074
2025-06-01 16:00:00,104663.90,105285.00,104602.90,104984.40,10948.247
2025-06-01 17:00:00,104984.40,105152.50,104936.20,105006.30,2559.460
2025-06-01 18:00:00,105006.20,105014.00,104280.10,104850.80,6993.433
2025-06-01 19:00:00,104850.80,105119.60,104757.80,105075.20,3531.986
2025-06-01 20:00:00,105075.20,105260.00,104833.10,104897.00,3880.377
2025-06-01 21:00:00,104897.00,105468.90,104854.40,105444.90,4078.485
2025-06-01 22:00:00,105444.90,105699.00,105363.00,105455.40,5303.983
2025-06-01 23:00:00,105455.50,105823.60,105400.30,105583.30,3860.969
2025-06-02 00:00:00,105583.30,105700.00,105351.80,105379.10,3928.600
2025-06-02 01:00:00,105379.20,105602.00,105290.40,105327.60,2559.541
2025-06-02 02:00:00,105327.70,105368.30,104958.20,104986.90,4857.765
2025-06-02 03:00:00,104986.90,105016.40,104520.00,104781.80,6268.235
2025-06-02 04:00:00,104781.80,104958.90,104650.10,104736.30,2587.764
2025-06-02 05:00:00,104736.40,104882.90,104549.80,104781.20,2970.213
2025-06-02 06:00:00,104781.20,105245.00,104695.50,105133.50,5697.801
2025-06-02 07:00:00,105133.40,105398.50,105123.30,105346.40,4120.675
2025-06-02 08:00:00,105346.40,105900.00,105190.50,105290.00,10502.437
2025-06-02 09:00:00,105290.10,105296.50,104420.00,104530.50,13843.216
2025-06-02 10:00:00,104530.40,104618.20,104188.80,104316.70,7442.889
2025-06-02 11:00:00,104316.70,104448.60,103867.80,104000.00,7703.417
2025-06-02 12:00:00,104000.10,104236.90,103805.00,104156.00,7867.251
2025-06-02 13:00:00,104156.00,104517.00,103642.00,103764.30,13009.860
2025-06-02 14:00:00,103764.30,104646.10,103600.60,104129.60,14727.204
2025-06-02 15:00:00,104129.60,104533.30,103852.00,104396.80,6946.864
2025-06-02 16:00:00,104396.90,104440.40,103982.90,104234.60,3748.424
2025-06-02 17:00:00,104234.70,104451.10,104029.90,104345.60,3533.403
2025-06-02 18:00:00,104345.60,104699.40,104142.80,104308.80,5265.772
2025-06-02 19:00:00,104308.70,104460.80,103984.20,104366.40,3308.162
2025-06-02 20:00:00,104366.50,104962.70,104366.50,104829.20,5971.475
2025-06-02 21:00:00,104829.20,105068.00,104523.50,104886.10,3459.261
2025-06-02 22:00:00,104886.20,105769.00,104878.10,105649.90,11597.678
2025-06-02 23:00:00,105650.00,105893.80,105517.10,105814.30,6335.011
2025-06-03 00:00:00,105814.40,106368.90,105699.90,106231.90,10207.033
2025-06-03 01:00:00,106231.90,106460.00,106068.60,106442.60,4589.748
2025-06-03 02:00:00,106442.70,106470.80,105495.60,105553.90,9375.215
2025-06-03 03:00:00,105553.90,105659.50,105280.00,105448.80,5149.064
2025-06-03 04:00:00,105448.80,105475.40,105062.50,105134.90,4618.480
2025-06-03 05:00:00,105135.00,105420.00,105134.90,105407.90,3560.304
2025-06-03 06:00:00,105408.00,105419.30,105161.20,105368.30,2536.317
2025-06-03 07:00:00,105368.40,105390.10,105108.10,105134.40,2241.421
2025-06-03 08:00:00,105134.40,105207.10,104822.40,105040.00,4651.804
2025-06-03 09:00:00,105040.00,105233.10,105011.00,105142.30,3201.079
2025-06-03 10:00:00,105142.20,105302.70,105091.60,105231.30,2576.894
2025-06-03 11:00:00,105231.30,105305.20,105121.00,105240.10,1859.681
2025-06-03 12:00:00,105240.10,105408.70,105179.20,105259.00,2847.520
2025-06-03 13:00:00,105259.00,105646.10,104969.40,105370.50,7948.242
2025-06-03 14:00:00,105370.40,106666.00,105092.00,106495.10,18632.331
2025-06-03 15:00:00,106495.00,106775.00,106273.70,106556.10,12808.540
2025-06-03 16:00:00,106556.10,106619.60,105715.00,105760.80,9028.267
2025-06-03 17:00:00,105760.90,106095.40,105678.40,105890.00,5210.919
2025-06-03 18:00:00,105889.90,105996.00,105526.20,105959.90,4960.201
2025-06-03 19:00:00,105959.90,106385.00,105959.90,106171.80,5839.945
2025-06-03 20:00:00,106179.70,106208.00,105300.10,105692.10,5879.049
2025-06-03 21:00:00,105692.10,105799.20,105200.40,105312.00,4209.966
2025-06-03 22:00:00,105311.90,105842.20,105250.00,105686.50,3442.665
2025-06-03 23:00:00,105686.60,105686.60,105220.00,105330.10,3841.322
2025-06-04 00:00:00,105330.10,105483.80,105072.00,105428.00,5276.534
2025-06-04 01:00:00,105428.00,105683.60,105353.20,105524.80,3352.097
2025-06-04 02:00:00,105524.80,105800.00,105364.80,105432.30,4064.934
2025-06-04 03:00:00,105432.20,105710.10,105390.00,105474.90,2461.063
2025-06-04 04:00:00,105474.80,105566.40,105351.00,105369.30,2313.537
2025-06-04 05:00:00,105369.40,105480.10,105290.20,105307.30,3212.122
2025-06-04 06:00:00,105307.30,105391.50,105200.00,105249.80,2367.210
2025-06-04 07:00:00,105249.90,105427.10,105208.90,105260.20,2074.170
2025-06-04 08:00:00,105260.10,105560.00,105260.10,105391.80,2781.181
2025-06-04 09:00:00,105391.70,105869.70,105279.30,105783.40,4967.734
2025-06-04 10:00:00,105783.50,105967.20,105603.30,105650.40,4485.325
2025-06-04 11:00:00,105650.30,105756.20,105039.10,105044.10,9995.038
2025-06-04 12:00:00,105044.20,105119.60,104718.20,104988.10,8931.175
2025-06-04 13:00:00,104988.10,105228.60,104620.00,104702.60,8499.962
2025-06-04 14:00:00,104702.50,104986.20,104111.70,104968.90,15412.817
2025-06-04 15:00:00,104969.00,105510.20,104869.80,105254.70,11186.317
2025-06-04 16:00:00,105254.70,105423.00,105041.00,105408.80,4937.038
2025-06-04 17:00:00,105408.80,105437.80,104900.00,105000.70,3945.736
2025-06-04 18:00:00,105000.70,105251.60,104877.80,104905.80,2441.100
2025-06-04 19:00:00,104905.80,105043.20,104824.00,104870.40,2730.222
2025-06-04 20:00:00,104870.40,104915.20,104350.00,104558.90,5962.647
2025-06-04 21:00:00,104558.90,105006.30,104490.50,104866.30,3223.306
2025-06-04 22:00:00,104866.40,104980.50,104681.00,104727.50,1940.918
2025-06-04 23:00:00,104727.50,104819.40,104568.00,104641.80,1971.942
2025-06-05 00:00:00,104641.80,104940.00,104594.80,104939.00,3216.492
2025-06-05 01:00:00,104939.00,105132.10,104642.80,104732.90,3818.269
2025-06-05 02:00:00,104733.00,105225.60,104728.70,104951.20,3245.701
2025-06-05 03:00:00,104951.10,105033.00,104827.90,104991.40,1575.949
2025-06-05 04:00:00,104991.50,105183.00,104988.00,105134.50,1772.651
2025-06-05 05:00:00,105134.60,105145.00,104529.30,104600.30,5776.913
2025-06-05 06:00:00,104600.40,104651.20,104321.20,104408.50,4818.104
2025-06-05 07:00:00,104408.60,104576.40,104364.10,104473.00,3119.892
2025-06-05 08:00:00,104473.10,104635.30,104373.00,104630.00,2489.215
2025-06-05 09:00:00,104629.90,104880.00,104614.60,104854.90,2601.461
2025-06-05 10:00:00,104854.90,104855.00,104463.10,104613.20,3153.071
2025-06-05 11:00:00,104613.20,104809.80,104500.00,104772.70,2044.413
2025-06-05 12:00:00,104772.70,105744.70,104734.60,105600.70,12253.463
2025-06-05 13:00:00,105600.70,105878.30,104252.60,104475.30,22022.636
2025-06-05 14:00:00,104475.30,104918.00,103825.00,104588.50,24429.542
2025-06-05 15:00:00,104588.40,104825.00,104267.30,104490.50,9891.179
2025-06-05 16:00:00,104490.50,104547.90,103179.90,103208.80,19797.555
2025-06-05 17:00:00,103208.80,103541.50,103080.10,103201.00,12270.479
2025-06-05 18:00:00,103201.00,103299.00,102514.60,102949.90,16189.569
2025-06-05 19:00:00,102949.90,102995.30,101500.00,101872.90,28080.875
2025-06-05 20:00:00,101873.00,102163.90,100305.10,100428.80,31087.015
2025-06-05 21:00:00,100428.90,101600.00,100370.30,101488.20,19211.176
2025-06-05 22:00:00,101488.10,101650.80,100972.50,101448.40,7863.224
2025-06-05 23:00:00,101448.40,101775.90,101418.20,101458.60,5509.830
2025-06-06 00:00:00,101458.70,101854.70,101003.40,101842.00,9573.237
2025-06-06 01:00:00,101842.00,101898.80,101626.80,101796.80,3784.225
2025-06-06 02:00:00,101796.70,102178.10,101480.00,102148.10,5566.824
2025-06-06 03:00:00,102148.10,102464.70,102000.00,102444.90,5473.526
2025-06-06 04:00:00,102445.00,102746.00,102321.10,102726.40,6417.555
2025-06-06 05:00:00,102726.40,102910.00,102620.00,102899.20,5595.453
2025-06-06 06:00:00,102899.20,103193.00,102832.30,103116.40,9604.288
2025-06-06 07:00:00,103116.40,103424.50,102997.30,103096.80,7306.649
2025-06-06 08:00:00,103096.70,103544.10,103096.70,103445.70,5935.446
2025-06-06 09:00:00,103445.70,103720.00,103445.60,103593.70,6624.799
2025-06-06 10:00:00,103593.70,103749.00,103500.00,103626.80,4592.097
2025-06-06 11:00:00,103626.90,103953.90,103589.50,103866.00,7150.223
2025-06-06 12:00:00,103865.90,104293.80,103471.40,103702.30,15191.667
2025-06-06 13:00:00,103702.40,104483.20,103702.30,104033.10,13235.493
2025-06-06 14:00:00,104033.10,104863.10,103949.90,104718.30,13886.791
2025-06-06 15:00:00,104718.30,105283.00,104552.90,105035.40,19460.160
2025-06-06 16:00:00,105035.40,105240.00,104645.60,104715.20,7741.170
2025-06-06 17:00:00,104715.20,104923.50,104371.60,104874.90,8813.302
2025-06-06 18:00:00,104875.00,104929.20,104422.00,104455.70,3965.696
2025-06-06 19:00:00,104455.60,104559.70,104010.00,104176.90,5028.402
2025-06-06 20:00:00,104177.00,104574.90,104109.20,104429.60,3542.834
2025-06-06 21:00:00,104429.70,104447.30,104234.40,104335.40,2238.508
2025-06-06 22:00:00,104335.50,104425.80,104174.80,104425.70,1988.359
2025-06-06 23:00:00,104425.70,104434.70,104140.30,104240.00,1584.202
2025-06-07 00:00:00,104240.10,104475.80,103800.10,104470.50,5477.850
2025-06-07 01:00:00,104470.50,104525.10,104283.50,104386.50,2790.818
2025-06-07 02:00:00,104386.50,104580.00,104270.00,104475.20,2320.411
2025-06-07 03:00:00,104475.30,104856.00,104430.00,104822.40,5198.890
2025-06-07 04:00:00,104822.40,104822.40,104591.90,104765.00,1947.795
2025-06-07 05:00:00,104765.00,104954.30,104688.00,104823.50,2754.938
2025-06-07 06:00:00,104823.50,105293.00,104728.50,105272.20,4760.171
2025-06-07 07:00:00,105272.20,105281.00,104779.40,104813.60,3949.537
2025-06-07 08:00:00,104813.70,104919.00,104632.00,104692.30,2409.423
2025-06-07 09:00:00,104692.20,104896.30,104692.20,104788.20,1579.083
2025-06-07 10:00:00,104788.10,105158.60,104780.30,105090.90,3761.033
2025-06-07 11:00:00,105090.90,105222.00,105006.50,105094.50,3162.910
2025-06-07 12:00:00,105094.50,105700.00,105094.40,105402.90,7728.829
2025-06-07 13:00:00,105402.80,105758.80,105249.40,105550.50,5480.591
2025-06-07 14:00:00,105550.50,105645.60,105333.00,105370.10,3751.686
2025-06-07 15:00:00,105370.00,105542.40,105265.00,105507.90,2699.773
2025-06-07 16:00:00,105507.90,105629.90,105222.60,105302.00,3146.335
2025-06-07 17:00:00,105301.90,105514.70,105290.00,105348.40,1616.868
2025-06-07 18:00:00,105348.40,105850.00,105348.40,105574.80,6232.350
2025-06-07 19:00:00,105574.80,105831.20,105560.20,105694.20,2313.869
2025-06-07 20:00:00,105694.10,105878.30,105687.70,105800.00,1900.354
2025-06-07 21:00:00,105800.00,105822.60,105642.50,105713.60,1136.720
2025-06-07 22:00:00,105713.60,105871.00,105605.80,105764.90,1730.694
2025-06-07 23:00:00,105765.00,105765.00,105482.70,105507.50,1982.245
2025-06-08 00:00:00,105507.50,105625.10,105389.20,105427.60,2539.023
2025-06-08 01:00:00,105427.60,105760.50,105347.00,105644.50,2131.633
2025-06-08 02:00:00,105644.50,105644.60,105384.30,105399.70,2098.600
2025-06-08 03:00:00,105399.70,105463.30,105350.10,105436.40,1300.814
2025-06-08 04:00:00,105436.50,105600.00,105369.80,105565.80,1471.358
2025-06-08 05:00:00,105565.80,105617.20,105358.20,105386.40,1450.095
2025-06-08 06:00:00,105386.40,105551.30,105378.00,105395.40,1276.965
2025-06-08 07:00:00,105395.30,105513.00,105359.10,105380.40,1450.517
2025-06-08 08:00:00,105380.50,105454.00,105311.00,105327.10,1557.992
2025-06-08 09:00:00,105327.00,105360.10,105009.90,105093.50,5022.181
2025-06-08 10:00:00,105093.50,105425.00,104927.40,105298.40,4985.018
2025-06-08 11:00:00,105298.40,105666.60,105298.30,105619.20,4198.499
2025-06-08 12:00:00,105619.20,105725.10,105450.00,105657.70,4317.335
2025-06-08 13:00:00,105657.60,106200.00,105500.00,105558.80,8349.041
2025-06-08 14:00:00,105558.90,105862.90,105500.00,105766.80,3164.195
2025-06-08 15:00:00,105766.70,106048.40,105759.00,105917.50,3656.401
2025-06-08 16:00:00,105917.60,106200.00,105888.50,106133.40,5512.057
2025-06-08 17:00:00,106133.30,106300.00,106015.10,106030.10,4391.366
2025-06-08 18:00:00,106030.10,106282.00,105969.40,106249.50,2047.092
2025-06-08 19:00:00,106249.40,106287.20,106116.10,106242.60,1252.215
2025-06-08 20:00:00,106242.60,106279.10,106056.20,106098.90,1349.862
2025-06-08 21:00:00,106098.90,106482.60,106098.80,106271.00,2323.637
2025-06-08 22:00:00,106271.00,106315.00,105627.20,105710.30,5656.911
2025-06-08 23:00:00,105710.20,105735.20,105511.00,105676.50,3602.297
2025-06-09 00:00:00,105676.50,105929.80,105526.00,105651.40,4199.008
2025-06-09 01:00:00,105651.30,105696.70,105374.20,105476.40,3169.458
2025-06-09 02:00:00,105476.40,105683.30,105420.00,105512.80,1990.921
2025-06-09 03:00:00,105512.80,105660.30,105253.20,105617.00,3281.453
2025-06-09 04:00:00,105617.00,105685.70,105365.30,105395.40,2179.295
2025-06-09 05:00:00,105395.50,105485.90,105284.80,105328.80,2129.330
2025-06-09 06:00:00,105328.80,105670.00,105265.00,105646.60,2756.794
2025-06-09 07:00:00,105646.50,105646.50,105447.00,105516.70,1665.911
2025-06-09 08:00:00,105516.70,105906.60,105429.20,105889.80,4052.004
2025-06-09 09:00:00,105889.80,106877.30,105778.20,106562.00,14434.857
2025-06-09 10:00:00,106562.00,107443.10,106511.40,107136.30,17391.966
2025-06-09 11:00:00,107136.40,107774.80,107091.30,107707.90,13377.593
2025-06-09 12:00:00,107707.80,107912.80,107490.30,107695.60,9009.099
2025-06-09 13:00:00,107695.50,107838.80,106800.30,106971.00,12756.963
2025-06-09 14:00:00,106971.00,107985.00,106970.90,107561.20,14233.645
2025-06-09 15:00:00,107561.10,107979.00,107468.50,107564.30,7731.276
2025-06-09 16:00:00,107564.30,108100.00,107563.40,107647.60,7722.439
2025-06-09 17:00:00,107647.70,108366.00,107600.00,108282.70,9416.412
2025-06-09 18:00:00,108282.70,108496.90,108223.70,108386.20,6190.933
2025-06-09 19:00:00,108386.30,108791.80,108278.10,108515.10,8299.663
2025-06-09 20:00:00,108515.10,108682.70,108383.00,108637.20,3374.032
2025-06-09 21:00:00,108637.30,110653.60,108637.20,109935.80,28103.972
2025-06-09 22:00:00,109935.90,110383.90,109690.80,110132.40,8832.286
2025-06-09 23:00:00,110132.30,110277.90,109840.20,110227.90,6657.099
2025-06-10 00:00:00,110228.00,110280.00,109861.90,109870.50,6585.190
2025-06-10 01:00:00,109870.50,109916.70,109600.00,109742.70,5046.959
2025-06-10 02:00:00,109742.70,109742.70,109340.00,109608.50,6124.482
2025-06-10 03:00:00,109608.50,109645.20,109341.10,109525.80,3122.758
2025-06-10 04:00:00,109525.90,109611.50,109321.30,109486.80,2599.201
2025-06-10 05:00:00,109486.90,109690.80,109160.00,109271.70,6017.549
2025-06-10 06:00:00,109271.70,109600.00,109100.00,109460.10,4842.089
2025-06-10 07:00:00,109460.10,109476.50,109041.10,109178.00,4181.585
2025-06-10 08:00:00,109178.10,109378.90,109010.20,109051.50,4143.792
2025-06-10 09:00:00,109051.40,109490.00,109037.10,109475.50,4297.695
2025-06-10 10:00:00,109475.40,109544.20,109227.90,109262.00,3327.587
2025-06-10 11:00:00,109262.10,109800.00,109160.00,109498.10,10329.766
2025-06-10 12:00:00,109498.00,109651.40,109360.00,109644.60,4426.055
2025-06-10 13:00:00,109645.00,109852.90,108797.80,109266.90,15441.714
2025-06-10 14:00:00,109266.90,109297.60,108427.80,108579.10,12852.112
2025-06-10 15:00:00,108579.00,109169.80,108282.00,108975.30,11401.046
2025-06-10 16:00:00,108975.20,109209.60,108638.00,108680.40,5312.823
2025-06-10 17:00:00,108680.40,109029.00,108565.30,108668.00,2796.185
2025-06-10 18:00:00,108668.00,109433.00,108467.50,109230.00,4739.499
2025-06-10 19:00:00,109230.10,110367.20,109230.00,109460.00,17024.451
2025-06-10 20:00:00,109460.10,109963.10,109189.00,109910.60,5498.342
2025-06-10 21:00:00,109910.50,109950.00,109362.40,109813.40,3348.619
2025-06-10 22:00:00,109813.40,110135.80,109558.20,109688.40,4278.320
2025-06-10 23:00:00,109688.50,110265.50,109545.00,110235.40,4479.155
2025-06-11 00:00:00,110235.40,110247.00,109722.00,109782.50,4857.442
2025-06-11 01:00:00,109782.60,109791.30,109521.00,109562.60,2897.387
2025-06-11 02:00:00,109562.60,109820.00,109500.00,109642.10,2003.312
2025-06-11 03:00:00,109642.20,109827.40,109560.50,109664.10,2527.145
2025-06-11 04:00:00,109664.10,109683.50,109500.10,109521.80,1591.940
2025-06-11 05:00:00,109521.70,109612.30,109375.30,109423.80,2107.245
2025-06-11 06:00:00,109423.80,109642.40,109322.00,109555.60,2403.230
2025-06-11 07:00:00,109555.60,109715.40,109392.10,109396.90,3153.127
2025-06-11 08:00:00,109396.90,109629.30,109396.90,109522.10,2355.057
2025-06-11 09:00:00,109522.00,109560.70,109175.00,109219.10,4135.999
2025-06-11 10:00:00,109219.20,109438.00,109133.80,109322.40,3041.594
2025-06-11 11:00:00,109322.50,109344.40,109150.00,109200.10,2359.497
2025-06-11 12:00:00,109200.10,109950.60,108950.10,109663.60,19047.315
2025-06-11 13:00:00,109663.50,109847.20,109259.50,109631.50,9077.791
2025-06-11 14:00:00,109631.50,110350.00,109586.20,109831.20,14328.342
2025-06-11 15:00:00,109831.20,109997.50,109603.90,109694.80,4893.262
2025-06-11 16:00:00,109694.90,109776.50,109246.00,109399.80,6391.109
2025-06-11 17:00:00,109399.80,109715.60,108903.20,108933.60,7335.017
2025-06-11 18:00:00,108933.70,109027.50,108331.70,108749.80,14842.208
2025-06-11 19:00:00,108749.70,108909.60,108500.00,108684.50,4765.537
2025-06-11 20:00:00,108684.50,108963.00,108419.20,108860.40,3292.144
2025-06-11 21:00:00,108860.40,109164.80,108300.10,108445.10,4851.439
2025-06-11 22:00:00,108445.20,108595.50,108001.20,108399.50,8788.675
2025-06-11 23:00:00,108399.40,108652.70,108250.20,108600.00,3376.507
2025-06-12 00:00:00,108600.10,108782.10,108280.00,108674.00,5184.228
2025-06-12 01:00:00,108674.00,108674.00,108207.80,108481.40,3058.995
2025-06-12 02:00:00,108481.40,108725.30,108325.00,108337.00,3390.281
2025-06-12 03:00:00,108336.90,108388.00,107650.00,107820.50,12560.330
2025-06-12 04:00:00,107820.50,107885.40,107300.00,107720.50,7479.804
2025-06-12 05:00:00,107720.40,107892.40,107547.50,107704.20,3402.720
2025-06-12 06:00:00,107704.10,107951.00,107577.50,107855.20,3070.266
2025-06-12 07:00:00,107855.10,107916.50,107400.00,107577.00,3479.911
2025-06-12 08:00:00,107577.00,107798.00,107400.00,107685.90,3519.884
2025-06-12 09:00:00,107685.90,107737.70,107400.00,107459.80,2565.660
2025-06-12 10:00:00,107459.70,107479.00,107157.60,107283.00,6412.250
2025-06-12 11:00:00,107283.00,107317.70,106830.00,106862.90,7992.194
2025-06-12 12:00:00,106862.90,107398.30,106834.40,106939.20,10691.039
2025-06-12 13:00:00,106939.20,107152.70,106539.10,107015.90,12690.455
2025-06-12 14:00:00,107015.80,107673.90,107015.80,107560.00,9788.982
2025-06-12 15:00:00,107559.90,107769.10,106800.10,106960.60,11267.941
2025-06-12 16:00:00,106960.60,107790.10,106927.10,107686.30,7440.632
2025-06-12 17:00:00,107686.20,108398.40,107651.20,108239.70,10143.141
2025-06-12 18:00:00,108239.80,108369.30,107164.40,107520.50,9482.632
2025-06-12 19:00:00,107520.40,107832.10,106621.00,106749.60,9027.233
2025-06-12 20:00:00,106749.50,106929.90,105704.00,105913.40,22443.476
2025-06-12 21:00:00,105913.40,106372.30,105800.00,105827.80,7414.302
2025-06-12 22:00:00,105827.40,106180.90,105672.00,105830.60,7281.672
2025-06-12 23:00:00,105830.60,106100.10,105602.00,105609.50,6002.162
2025-06-13 00:00:00,105609.40,105661.00,103150.00,103733.70,49476.680
2025-06-13 01:00:00,103733.70,103818.10,102614.00,103714.90,25085.087
2025-06-13 02:00:00,103715.00,103918.10,103016.60,103596.60,11131.036
2025-06-13 03:00:00,103596.60,104578.00,103570.40,104233.90,12969.723
2025-06-13 04:00:00,104233.90,104466.60,103733.70,104353.60,7297.033
2025-06-13 05:00:00,104353.50,104408.70,103940.00,103950.80,4806.464
2025-06-13 06:00:00,103950.80,104688.60,103770.00,104667.20,7232.660
2025-06-13 07:00:00,104667.20,104891.40,104311.40,104831.40,7977.200
2025-06-13 08:00:00,104831.40,105459.70,104630.40,104679.30,12138.330
2025-06-13 09:00:00,104679.30,104869.80,104440.00,104775.90,5789.990
2025-06-13 10:00:00,104776.00,104866.00,104360.00,104816.90,4776.452
2025-06-13 11:00:00,104816.90,105008.60,104585.70,104989.90,5449.995
2025-06-13 12:00:00,104990.00,105247.00,104764.10,104796.90,6779.313
2025-06-13 13:00:00,104796.80,105254.80,104607.60,104685.40,8056.546
2025-06-13 14:00:00,104685.30,104967.70,104069.50,104916.20,16123.538
2025-06-13 15:00:00,104916.30,105750.00,104810.80,105391.90,15815.496
2025-06-13 16:00:00,105392.00,105912.00,105261.30,105729.60,10784.411
2025-06-13 17:00:00,105729.50,105729.50,104811.00,105327.00,8360.866
2025-06-13 18:00:00,105327.10,105430.90,104607.00,105132.10,8437.100
2025-06-13 19:00:00,105132.10,105389.00,104828.00,105050.00,4356.150
2025-06-13 20:00:00,105050.10,105472.10,104963.10,105380.80,3015.453
2025-06-13 21:00:00,105380.70,105748.70,105269.10,105559.20,2843.544
2025-06-13 22:00:00,105559.30,105802.10,105490.60,105700.90,2373.342
2025-06-13 23:00:00,105701.00,106141.10,105700.90,106027.30,4859.004
2025-06-14 00:00:00,106027.30,106173.60,105624.50,105756.30,6667.353
2025-06-14 01:00:00,105756.20,105756.30,105382.10,105420.50,5824.879
2025-06-14 02:00:00,105420.40,105570.20,105263.00,105337.40,2091.141
2025-06-14 03:00:00,105337.50,105400.00,105150.10,105189.40,1984.223
2025-06-14 04:00:00,105189.30,105360.00,105159.60,105323.70,1587.090
2025-06-14 05:00:00,105323.80,105374.90,105204.80,105237.80,1382.021
2025-06-14 06:00:00,105237.80,105279.60,105050.00,105054.00,2296.401
2025-06-14 07:00:00,105053.70,105108.70,104738.70,105025.10,4598.218
2025-06-14 08:00:00,105025.00,105088.00,104813.50,105050.10,2216.119
2025-06-14 09:00:00,105050.00,105075.50,104800.50,104815.00,1816.809
2025-06-14 10:00:00,104814.90,105078.80,104772.30,104953.30,2260.813
2025-06-14 11:00:00,104953.40,105073.70,104900.00,105030.60,1619.065
2025-06-14 12:00:00,105030.50,105050.20,104657.00,105000.10,3655.540
2025-06-14 13:00:00,105000.10,105084.20,104847.10,104961.50,2149.774
2025-06-14 14:00:00,104961.40,105017.60,104785.10,104867.50,1387.659
2025-06-14 15:00:00,104867.50,104932.90,104570.00,104783.40,4185.312
2025-06-14 16:00:00,104783.40,104857.90,104290.00,104400.80,7120.664
2025-06-14 17:00:00,104400.70,104670.00,104339.60,104555.60,2910.506
2025-06-14 18:00:00,104555.60,104940.20,104304.90,104842.80,4150.892
2025-06-14 19:00:00,104842.80,105011.00,104576.20,104582.30,4441.455
2025-06-14 20:00:00,104584.20,104950.20,104225.40,104833.40,6293.861
2025-06-14 21:00:00,104833.40,105415.10,104803.70,105269.10,4735.837
2025-06-14 22:00:00,105269.00,105438.00,105228.70,105381.30,2831.096
2025-06-14 23:00:00,105381.40,105429.80,105291.20,105359.90,1704.842
2025-06-15 00:00:00,105359.80,105625.00,105208.70,105587.40,3000.422
2025-06-15 01:00:00,105587.30,105631.60,105347.90,105361.90,2219.132
2025-06-15 02:00:00,105361.80,105575.10,105361.80,105421.60,1583.697
2025-06-15 03:00:00,105421.60,105524.60,105404.20,105425.60,1092.987
2025-06-15 04:00:00,105425.60,105520.00,105425.50,105510.00,933.293
2025-06-15 05:00:00,105510.10,106067.60,105451.00,106031.00,5785.305
2025-06-15 06:00:00,106031.10,106099.40,105355.70,105391.00,6154.902
2025-06-15 07:00:00,105391.00,105408.80,105137.00,105374.10,3727.794
2025-06-15 08:00:00,105374.20,105444.90,105078.60,105149.70,2510.655
2025-06-15 09:00:00,105149.70,105149.80,104812.20,104882.00,3825.021
2025-06-15 10:00:00,104882.10,105150.00,104882.00,105075.20,2733.181
2025-06-15 11:00:00,105075.30,105122.00,104870.00,104924.50,1869.365
2025-06-15 12:00:00,104924.60,105258.30,104900.00,105250.00,3538.266
2025-06-15 13:00:00,105250.00,105619.70,105181.60,105477.70,6020.167
2025-06-15 14:00:00,105477.80,105810.60,105260.00,105620.00,4464.544
2025-06-15 15:00:00,105620.00,105760.00,105494.00,105526.00,2391.604
2025-06-15 16:00:00,105525.90,105642.00,105295.00,105525.90,3477.847
2025-06-15 17:00:00,105525.80,105744.00,105427.00,105640.80,1821.975
2025-06-15 18:00:00,105640.90,105646.00,105422.00,105437.30,1144.377
2025-06-15 19:00:00,105437.30,105530.80,104999.90,105252.00,3767.705
2025-06-15 20:00:00,105251.90,105255.30,104548.30,104688.80,4718.406
2025-06-15 21:00:00,104688.80,104788.60,104399.90,104744.80,4544.413
2025-06-15 22:00:00,104744.70,105322.40,104675.00,105210.10,4684.166
2025-06-15 23:00:00,105210.20,105571.40,105161.20,105534.60,2810.175
2025-06-16 00:00:00,105534.70,105733.00,105289.00,105378.70,3891.324
2025-06-16 01:00:00,105378.70,105853.30,104920.00,105756.50,6950.759
2025-06-16 02:00:00,105756.40,105927.00,105622.00,105734.90,4375.169
2025-06-16 03:00:00,105735.00,105926.90,105653.20,105865.60,2575.539
2025-06-16 04:00:00,105865.60,106391.60,105817.30,106349.30,7336.196
2025-06-16 05:00:00,106349.30,106777.00,106254.00,106519.90,8074.599
2025-06-16 06:00:00,106520.00,106726.00,106460.00,106530.80,3809.687
2025-06-16 07:00:00,106530.70,107250.00,106530.70,107023.80,10880.245
2025-06-16 08:00:00,107023.80,107199.90,106898.40,107135.10,4208.995
2025-06-16 09:00:00,107135.10,107195.40,106831.70,106914.20,3505.992
2025-06-16 10:00:00,106914.30,107179.70,106699.00,106802.90,3828.710
2025-06-16 11:00:00,106803.00,106931.90,106540.00,106842.50,4800.138
2025-06-16 12:00:00,106842.60,106855.70,106550.00,106646.80,3125.758
2025-06-16 13:00:00,106646.80,107141.40,106446.60,107109.00,7009.941
2025-06-16 14:00:00,107109.10,107759.80,106717.10,107481.10,16161.347
2025-06-16 15:00:00,107481.10,107660.00,107243.00,107374.90,6000.318
2025-06-16 16:00:00,107375.00,107867.20,107258.00,107713.60,5255.024
2025-06-16 17:00:00,107713.60,107977.30,107559.20,107691.10,4872.724
2025-06-16 18:00:00,107691.20,108248.40,107623.50,108207.10,5858.665
2025-06-16 19:00:00,108207.10,108882.00,108207.10,108594.20,15780.408
2025-06-16 20:00:00,108594.20,108819.80,108360.00,108748.60,6392.269
2025-06-16 21:00:00,108748.60,108780.00,108273.40,108470.90,3354.956
2025-06-16 22:00:00,108470.90,108900.00,107337.20,107645.60,15361.686
2025-06-16 23:00:00,107645.50,107935.30,106640.10,106750.10,13402.770
2025-06-17 00:00:00,106750.10,107231.00,106068.00,107206.50,19012.818
2025-06-17 01:00:00,107206.50,107400.00,106881.10,107133.30,5208.156
2025-06-17 02:00:00,107133.20,107555.00,106515.20,107436.30,7298.620
2025-06-17 03:00:00,107436.40,107727.40,107310.60,107553.30,5770.076
2025-06-17 04:00:00,107553.30,107655.60,107259.20,107286.90,3568.206
2025-06-17 05:00:00,107286.90,107356.50,106994.40,107077.10,3557.594
2025-06-17 06:00:00,107077.00,107192.00,106642.00,106793.40,5441.464
2025-06-17 07:00:00,106793.30,106836.50,106413.40,106711.10,5019.835
2025-06-17 08:00:00,106711.00,106711.10,106612.00,106670.80,724.448
