fundingTime,fundingRate
2025-01-02 16:00:00,0.00028353
2025-01-02 20:00:00.001000,0.00005000
2025-01-03 00:00:00,0.00021616
2025-01-03 04:00:00.001000,0.00024954
2025-01-03 08:00:00,0.00005000
2025-01-03 12:00:00,0.00005000
2025-01-03 16:00:00,0.00009022
2025-01-03 20:00:00.001000,0.00028755
2025-01-04 00:00:00,0.00031856
2025-01-04 04:00:00,0.00028720
2025-01-04 08:00:00,0.00021832
2025-01-04 12:00:00,0.00049793
2025-01-04 16:00:00,0.00013974
2025-01-04 20:00:00.001000,0.00027788
2025-01-05 00:00:00,0.00007111
2025-01-05 04:00:00,0.00024986
2025-01-05 08:00:00,0.00017930
2025-01-05 12:00:00,0.00017053
2025-01-05 16:00:00,0.00037244
2025-01-05 20:00:00,0.00023191
2025-01-06 00:00:00,0.00012819
2025-01-06 04:00:00,0.00005437
2025-01-06 08:00:00.001000,0.00016913
2025-01-06 12:00:00,0.00040252
2025-01-06 16:00:00,0.00023453
2025-01-06 20:00:00,0.00019754
2025-01-07 00:00:00,0.00018042
2025-01-07 04:00:00,0.00029681
2025-01-07 08:00:00,0.00028175
2025-01-07 12:00:00.001000,0.00028954
2025-01-07 16:00:00.008000,0.00020852
2025-01-07 20:00:00,0.00005000
2025-01-08 00:00:00.001000,0.00005000
2025-01-08 04:00:00.006000,0.00022032
2025-01-08 08:00:00,0.00005000
2025-01-08 12:00:00,0.00015150
2025-01-08 16:00:00,0.00005000
2025-01-08 20:00:00,0.00005000
2025-01-09 00:00:00,0.00005000
2025-01-09 04:00:00.001000,0.00005000
2025-01-09 08:00:00,0.00005000
2025-01-09 12:00:00,0.00016851
2025-01-09 16:00:00,0.00019814
2025-01-09 20:00:00,0.00005000
2025-01-10 00:00:00,0.00005000
2025-01-10 04:00:00,0.00015239
2025-01-10 08:00:00,0.00023724
2025-01-10 12:00:00,0.00021065
2025-01-10 16:00:00,0.00025567
2025-01-10 20:00:00.001000,0.00035255
2025-01-11 00:00:00,0.00007767
2025-01-11 04:00:00,0.00029446
2025-01-11 08:00:00,0.00019240
2025-01-11 12:00:00,0.00028868
2025-01-11 16:00:00,0.00010329
2025-01-11 20:00:00,0.00035054
2025-01-12 00:00:00,0.00010957
2025-01-12 04:00:00,0.00015188
2025-01-12 08:00:00,0.00045717
2025-01-12 12:00:00,0.00029488
2025-01-12 16:00:00,0.00017812
2025-01-12 20:00:00,0.00036660
2025-01-13 00:00:00,0.00042688
2025-01-13 04:00:00,0.00015651
2025-01-13 08:00:00,0.00026132
2025-01-13 12:00:00,0.00005000
2025-01-13 16:00:00,0.00029430
2025-01-13 20:00:00,0.00005000
2025-01-14 00:00:00,0.00031851
2025-01-14 04:00:00,0.00005000
2025-01-14 08:00:00,0.00005000
2025-01-14 12:00:00,0.00030849
2025-01-14 16:00:00,0.00033190
2025-01-14 20:00:00,0.00025842
2025-01-15 00:00:00,0.00030997
2025-01-15 04:00:00,0.00024456
2025-01-15 08:00:00,0.00013741
2025-01-15 12:00:00,0.00022312
2025-01-15 16:00:00,0.00024875
2025-01-15 20:00:00,0.00026592
2025-01-16 00:00:00,0.00015245
2025-01-16 04:00:00,0.00005772
2025-01-16 08:00:00,0.00010952
2025-01-16 12:00:00,0.00038506
2025-01-16 16:00:00,0.00015071
2025-01-16 20:00:00,0.00040271
2025-01-17 00:00:00.004000,0.00005000
2025-01-17 04:00:00,0.00005000
2025-01-17 08:00:00,0.00005000
2025-01-17 12:00:00.013000,0.00005000
2025-01-17 16:00:00.008000,0.00005000
2025-01-17 20:00:00.005000,0.00005000
2025-01-18 00:00:00,0.00005000
2025-01-18 04:00:00.003000,0.00005000
2025-01-18 08:00:00.007000,0.00005000
2025-01-18 12:00:00,0.00028819
2025-01-18 16:00:00,0.00013329
2025-01-18 20:00:00,0.00006576
2025-01-19 00:00:00,0.00022213
2025-01-19 04:00:00,0.00026937
2025-01-19 08:00:00,0.00043501
2025-01-19 12:00:00,0.00020241
2025-01-19 16:00:00,0.00043830
2025-01-19 20:00:00,0.00031608
2025-01-20 00:00:00,0.00022148
2025-01-20 04:00:00,0.00062968
2025-01-20 08:00:00.009000,0.00058279
2025-01-20 12:00:00.002000,0.00050986
2025-01-20 16:00:00,0.00032299
2025-01-20 20:00:00.001000,0.00013729
2025-01-21 00:00:00,0.00005000
2025-01-21 04:00:00,0.00005000
2025-01-21 08:00:00,0.00005000
2025-01-21 12:00:00,0.00048499
2025-01-21 16:00:00,0.00037291
2025-01-21 20:00:00,0.00005000
2025-01-22 00:00:00,0.00077886
2025-01-22 04:00:00,0.00054656
2025-01-22 08:00:00,0.00020315
2025-01-22 12:00:00,0.00062824
2025-01-22 16:00:00,0.00022725
2025-01-22 20:00:00,0.00005000
2025-01-23 00:00:00.001000,0.00014876
2025-01-23 04:00:00.001000,0.00005000
2025-01-23 08:00:00,0.00009714
2025-01-23 12:00:00,0.00005000
2025-01-23 16:00:00,0.00024890
2025-01-23 20:00:00,0.00005000
2025-01-24 00:00:00,0.00008964
2025-01-24 04:00:00,0.00025198
2025-01-24 08:00:00,0.00009926
2025-01-24 12:00:00.001000,0.00007521
2025-01-24 16:00:00,0.00005000
2025-01-24 20:00:00,0.00021109
2025-01-25 00:00:00,0.00005000
2025-01-25 04:00:00,0.00025779
2025-01-25 08:00:00,0.00005000
2025-01-25 12:00:00,0.00021477
2025-01-25 16:00:00.001000,0.00029200
2025-01-25 20:00:00.001000,0.00005000
2025-01-26 00:00:00,0.00005000
2025-01-26 04:00:00,0.00005464
2025-01-26 08:00:00,0.00028530
2025-01-26 12:00:00,0.00011901
2025-01-26 16:00:00,0.00020554
2025-01-26 20:00:00,0.00039474
2025-01-27 00:00:00,0.00005000
2025-01-27 04:00:00,0.00007711
2025-01-27 08:00:00,0.00005000
2025-01-27 12:00:00.001000,0.00005000
2025-01-27 16:00:00,0.00005000
2025-01-27 20:00:00,0.00005000
2025-01-28 00:00:00,0.00005000
2025-01-28 04:00:00,0.00005000
2025-01-28 08:00:00,0.00005000
2025-01-28 12:00:00,0.00005000
2025-01-28 16:00:00,0.00005000
2025-01-28 20:00:00,0.00005000
2025-01-29 00:00:00,0.00005000
2025-01-29 04:00:00.001000,0.00005000
2025-01-29 08:00:00,0.00005000
2025-01-29 12:00:00,0.00009040
2025-01-29 16:00:00,0.00005000
2025-01-29 20:00:00,0.00005000
2025-01-30 00:00:00,0.00005000
2025-01-30 04:00:00,0.00048948
2025-01-30 08:00:00,0.00010347
2025-01-30 12:00:00,0.00005000
2025-01-30 16:00:00,0.00005000
2025-01-30 20:00:00,0.00005000
2025-01-31 00:00:00,0.00005000
2025-01-31 04:00:00,0.00005000
2025-01-31 08:00:00,0.00021794
2025-01-31 12:00:00.001000,0.00063210
2025-01-31 16:00:00,0.00005000
2025-01-31 20:00:00,0.00005000
2025-02-01 00:00:00,0.00005000
2025-02-01 04:00:00,0.00005000
2025-02-01 08:00:00,0.00005000
2025-02-01 12:00:00,0.00005000
2025-02-01 16:00:00,0.00005000
2025-02-01 20:00:00,0.00005000
2025-02-02 00:00:00.001000,-0.00001064
2025-02-02 04:00:00,0.00005000
2025-02-02 08:00:00,0.00024930
2025-02-02 12:00:00,0.00005000
2025-02-02 16:00:00,0.00005000
2025-02-02 20:00:00,0.00005000
2025-02-03 00:00:00,0.00005000
2025-02-03 04:00:00,0.00005000
2025-02-03 08:00:00,0.00005000
2025-02-03 12:00:00,-0.00031503
2025-02-03 16:00:00,0.00005000
2025-02-03 20:00:00,0.00005000
2025-02-04 00:00:00,0.00005000
2025-02-04 04:00:00.001000,0.00005000
2025-02-04 08:00:00.001000,0.00005000
2025-02-04 12:00:00.001000,0.00005000
2025-02-04 16:00:00,0.00045649
2025-02-04 20:00:00,0.00005000
2025-02-05 00:00:00.001000,0.00005000
2025-02-05 04:00:00,0.00035332
2025-02-05 08:00:00.001000,0.00022627
2025-02-05 12:00:00,0.00005000
2025-02-05 16:00:00,0.00014251
2025-02-05 20:00:00,0.00022605
2025-02-06 00:00:00.001000,0.00015395
2025-02-06 04:00:00.001000,0.00005000
2025-02-06 08:00:00.001000,0.00005000
2025-02-06 12:00:00,0.00005000
2025-02-06 16:00:00,0.00005000
2025-02-06 20:00:00,0.00005000
2025-02-07 00:00:00,-0.00012751
2025-02-07 04:00:00,0.00005000
2025-02-07 08:00:00,0.00005000
2025-02-07 12:00:00,0.00005000
2025-02-07 16:00:00,0.00005000
2025-02-07 20:00:00,0.00005000
2025-02-08 00:00:00,0.00005000
2025-02-08 04:00:00,0.00005000
2025-02-08 08:00:00,0.00005000
2025-02-08 12:00:00,0.00052125
2025-02-08 16:00:00,0.00005000
2025-02-08 20:00:00,0.00005000
2025-02-09 00:00:00,0.00005000
2025-02-09 04:00:00,0.00005000
2025-02-09 08:00:00,0.00038005
2025-02-09 12:00:00,0.00005000
2025-02-09 16:00:00,0.00005000
2025-02-09 20:00:00.007000,0.00005000
2025-02-10 00:00:00,0.00005000
2025-02-10 04:00:00,0.00005000
2025-02-10 08:00:00,0.00005000
2025-02-10 12:00:00,0.00005000
2025-02-10 16:00:00,0.00007951
2025-02-10 20:00:00.001000,-0.00008652
2025-02-11 00:00:00,0.00005000
2025-02-11 04:00:00,0.00005000
2025-02-11 08:00:00,0.00005000
2025-02-11 12:00:00,0.00005000
2025-02-11 16:00:00,0.00004741
2025-02-11 20:00:00,0.00001805
2025-02-12 00:00:00,0.00011269
2025-02-12 04:00:00,0.00005000
2025-02-12 08:00:00,0.00005000
2025-02-12 12:00:00.001000,0.00005000
2025-02-12 16:00:00.001000,0.00005000
2025-02-12 20:00:00,0.00005000
2025-02-13 00:00:00.001000,0.00008901
2025-02-13 04:00:00,0.00005000
2025-02-13 08:00:00,0.00005000
2025-02-13 12:00:00,0.00005000
2025-02-13 16:00:00.001000,0.00005000
2025-02-13 20:00:00,0.00005000
2025-02-14 00:00:00,0.00005000
2025-02-14 04:00:00,0.00011826
2025-02-14 08:00:00.001000,0.00005000
2025-02-14 12:00:00,0.00005000
2025-02-14 16:00:00,0.00014654
2025-02-14 20:00:00,0.00005000
2025-02-15 00:00:00,0.00012982
2025-02-15 04:00:00,0.00006564
2025-02-15 08:00:00,0.00005000
2025-02-15 12:00:00,0.00005000
2025-02-15 16:00:00,0.00005000
2025-02-15 20:00:00.001000,0.00005000
2025-02-16 00:00:00,0.00031205
2025-02-16 04:00:00,0.00005000
2025-02-16 08:00:00,0.00005000
2025-02-16 12:00:00,0.00005000
2025-02-16 16:00:00,0.00005000
2025-02-16 20:00:00,0.00005000
2025-02-17 00:00:00,0.00005000
2025-02-17 04:00:00.001000,0.00005000
2025-02-17 08:00:00,0.00005000
2025-02-17 12:00:00.004000,0.00005000
2025-02-17 16:00:00,0.00005000
2025-02-17 20:00:00.001000,0.00005000
2025-02-18 00:00:00,0.00040159
2025-02-18 04:00:00,0.00005000
2025-02-18 08:00:00,0.00005000
2025-02-18 12:00:00,0.00005000
2025-02-18 16:00:00,0.00005000
2025-02-18 20:00:00,0.00005000
2025-02-19 00:00:00,0.00005000
2025-02-19 04:00:00,0.00005000
2025-02-19 08:00:00,0.00005000
2025-02-19 12:00:00,0.00005000
2025-02-19 16:00:00,0.00005000
2025-02-19 20:00:00,0.00005000
2025-02-20 00:00:00,0.00005000
2025-02-20 04:00:00,0.00012697
2025-02-20 08:00:00,0.00005000
2025-02-20 12:00:00,0.00005000
2025-02-20 16:00:00,0.00005000
2025-02-20 20:00:00,0.00005000
2025-02-21 00:00:00.001000,0.00005000
2025-02-21 04:00:00,0.00005000
2025-02-21 08:00:00,0.00005000
2025-02-21 12:00:00,0.00005000
2025-02-21 16:00:00,0.00005000
2025-02-21 20:00:00,0.00209932
2025-02-22 00:00:00,0.00105199
2025-02-22 04:00:00,0.00074653
2025-02-22 08:00:00,0.00099425
2025-02-22 12:00:00,0.00038900
2025-02-22 16:00:00,0.00082660
2025-02-22 20:00:00,0.00007796
2025-02-23 00:00:00,0.00006225
2025-02-23 04:00:00,0.00008174
2025-02-23 08:00:00,0.00011052
2025-02-23 12:00:00,0.00034772
2025-02-23 16:00:00,0.00006918
2025-02-23 20:00:00,0.00026018
2025-02-24 00:00:00,0.00005000
2025-02-24 04:00:00,0.00016396
2025-02-24 08:00:00,0.00006388
2025-02-24 12:00:00.001000,0.00005000
2025-02-24 16:00:00,0.00005000
2025-02-24 20:00:00,0.00020967
2025-02-25 00:00:00,0.00005000
2025-02-25 04:00:00,0.00005000
2025-02-25 08:00:00,0.00005000
2025-02-25 12:00:00,0.00014018
2025-02-25 16:00:00,0.00021439
2025-02-25 20:00:00,0.00027442
2025-02-26 00:00:00,0.00005000
2025-02-26 04:00:00,0.00006198
2025-02-26 08:00:00,0.00010732
2025-02-26 12:00:00.001000,0.00010951
2025-02-26 16:00:00,0.00036880
2025-02-26 20:00:00,0.00053072
2025-02-27 00:00:00.001000,0.00071989
2025-02-27 04:00:00.001000,0.00037463
2025-02-27 08:00:00,0.00023834
2025-02-27 12:00:00.006000,0.00025816
2025-02-27 16:00:00,0.00005000
2025-02-27 20:00:00.001000,0.00005000
2025-02-28 00:00:00.001000,0.00005000
2025-02-28 04:00:00,0.00005000
2025-02-28 08:00:00,0.00009645
2025-02-28 12:00:00,0.00005000
2025-02-28 16:00:00,0.00008265
2025-02-28 20:00:00,0.00005000
2025-03-01 00:00:00,0.00005000
2025-03-01 04:00:00,0.00005000
2025-03-01 08:00:00,0.00005000
2025-03-01 12:00:00.001000,0.00005000
2025-03-01 16:00:00.001000,-0.00002277
2025-03-01 20:00:00,0.00005000
2025-03-02 00:00:00,0.00022196
2025-03-02 04:00:00,0.00005000
2025-03-02 08:00:00,0.00017249
2025-03-02 12:00:00,0.00015324
2025-03-02 16:00:00,0.00006313
2025-03-02 20:00:00,0.00006190
2025-03-03 00:00:00.001000,0.00041850
2025-03-03 04:00:00,0.00005000
2025-03-03 08:00:00,0.00026154
2025-03-03 12:00:00.001000,0.00022912
2025-03-03 16:00:00,0.00007967
2025-03-03 20:00:00,0.00005000
2025-03-04 00:00:00.001000,0.00005000
2025-03-04 04:00:00,0.00005000
2025-03-04 08:00:00.005000,0.00005000
2025-03-04 12:00:00,0.00005000
2025-03-04 16:00:00,0.00005000
2025-03-04 20:00:00,0.00050188
2025-03-05 00:00:00,0.00078172
2025-03-05 04:00:00,0.00045903
2025-03-05 08:00:00,0.00054754
2025-03-05 12:00:00,0.00027576
2025-03-05 16:00:00,0.00037581
2025-03-05 20:00:00,0.00019968
2025-03-06 00:00:00,0.00009308
2025-03-06 04:00:00,0.00019613
2025-03-06 08:00:00.001000,0.00022097
2025-03-06 12:00:00.001000,0.00005000
2025-03-06 16:00:00,0.00005000
2025-03-06 20:00:00,0.00005000
2025-03-07 00:00:00,0.00005000
2025-03-07 04:00:00,0.00005000
2025-03-07 08:00:00.001000,0.00005000
2025-03-07 12:00:00,0.00005000
2025-03-07 16:00:00,0.00005000
2025-03-07 20:00:00,0.00005000
2025-03-08 00:00:00,0.00005000
2025-03-08 04:00:00,0.00005000
2025-03-08 08:00:00.001000,0.00005000
2025-03-08 12:00:00.001000,0.00005000
2025-03-08 16:00:00.001000,0.00029690
2025-03-08 20:00:00.001000,0.00005000
2025-03-09 00:00:00.001000,0.00020024
2025-03-09 04:00:00,0.00045223
2025-03-09 08:00:00,0.00028775
2025-03-09 12:00:00,0.00011769
2025-03-09 16:00:00,0.00049783
2025-03-09 20:00:00,0.00038403
2025-03-10 00:00:00,0.00011979
2025-03-10 04:00:00,0.00014418
2025-03-10 08:00:00,0.00007003
2025-03-10 12:00:00,0.00005000
2025-03-10 16:00:00,0.00005000
2025-03-10 20:00:00,0.00005000
2025-03-11 00:00:00,0.00005000
2025-03-11 04:00:00,0.00005000
2025-03-11 08:00:00,0.00005000
2025-03-11 12:00:00,0.00005000
2025-03-11 16:00:00.001000,0.00005000
2025-03-11 20:00:00.001000,0.00005000
2025-03-12 00:00:00,0.00005000
2025-03-12 04:00:00.001000,0.00005000
2025-03-12 08:00:00,0.00005000
2025-03-12 12:00:00,0.00005000
2025-03-12 16:00:00.001000,0.00005000
2025-03-12 20:00:00,0.00005000
2025-03-13 00:00:00,0.00005000
2025-03-13 04:00:00,0.00012469
2025-03-13 08:00:00,0.00005000
2025-03-13 12:00:00,0.00005000
2025-03-13 16:00:00,0.00005000
2025-03-13 20:00:00,0.00005000
2025-03-14 00:00:00,0.00007769
2025-03-14 04:00:00,0.00005000
2025-03-14 08:00:00,0.00005000
2025-03-14 12:00:00,0.00027544
2025-03-14 16:00:00,0.00005000
2025-03-14 20:00:00,0.00005000
2025-03-15 00:00:00,0.00005000
2025-03-15 04:00:00,0.00005000
2025-03-15 08:00:00,0.00005000
2025-03-15 12:00:00,0.00005000
2025-03-15 16:00:00,0.00005000
2025-03-15 20:00:00,0.00005000
2025-03-16 00:00:00,0.00005000
2025-03-16 04:00:00,0.00005000
2025-03-16 08:00:00,0.00005000
2025-03-16 12:00:00,0.00005000
2025-03-16 16:00:00,0.00005000
2025-03-16 20:00:00,0.00005000
2025-03-17 00:00:00,0.00005000
2025-03-17 04:00:00,0.00005000
2025-03-17 08:00:00,0.00005000
2025-03-17 12:00:00,0.00005000
2025-03-17 16:00:00,0.00005000
2025-03-17 20:00:00,0.00005000
2025-03-18 00:00:00,0.00005000
2025-03-18 04:00:00,0.00005000
2025-03-18 08:00:00,0.00005000
2025-03-18 12:00:00.001000,0.00005000
2025-03-18 16:00:00,0.00005000
2025-03-18 20:00:00,0.00005000
2025-03-19 00:00:00,0.00005000
2025-03-19 04:00:00,0.00005000
2025-03-19 08:00:00,0.00005000
2025-03-19 12:00:00,0.00005000
2025-03-19 16:00:00,0.00005000
2025-03-19 20:00:00,0.00005000
2025-03-20 00:00:00,0.00005000
2025-03-20 04:00:00,0.00005000
2025-03-20 08:00:00,0.00005000
2025-03-20 12:00:00,0.00005000
2025-03-20 16:00:00,0.00005000
2025-03-20 20:00:00,0.00018583
2025-03-21 00:00:00,0.00005000
2025-03-21 04:00:00,0.00005000
2025-03-21 08:00:00,0.00005000
2025-03-21 12:00:00,0.00005000
2025-03-21 16:00:00,0.00005000
2025-03-21 20:00:00,0.00005000
2025-03-22 00:00:00,0.00005000
2025-03-22 04:00:00.001000,0.00005000
2025-03-22 08:00:00.004000,0.00005000
2025-03-22 12:00:00.013000,0.00005000
2025-03-22 16:00:00,0.00005000
2025-03-22 20:00:00.001000,0.00005000
2025-03-23 00:00:00,0.00005000
2025-03-23 04:00:00,0.00005000
2025-03-23 08:00:00,0.00001521
2025-03-23 12:00:00,0.00005000
2025-03-23 16:00:00,0.00005000
2025-03-23 20:00:00,0.00005000
2025-03-24 00:00:00,0.00005000
2025-03-24 04:00:00,0.00005000
2025-03-24 08:00:00,0.00005000
2025-03-24 12:00:00,0.00005000
2025-03-24 16:00:00,0.00005000
2025-03-24 20:00:00.004000,0.00005000
2025-03-25 00:00:00.001000,0.00005000
2025-03-25 04:00:00,0.00005000
2025-03-25 08:00:00,0.00005000
2025-03-25 12:00:00,0.00005000
2025-03-25 16:00:00,-0.00022436
2025-03-25 20:00:00,0.00005000
2025-03-26 00:00:00,0.00005000
2025-03-26 04:00:00.001000,0.00005000
2025-03-26 08:00:00,0.00005000
2025-03-26 12:00:00,0.00005000
2025-03-26 16:00:00.001000,0.00005000
2025-03-26 20:00:00,0.00005000
2025-03-27 00:00:00.001000,0.00005000
2025-03-27 04:00:00,0.00005000
2025-03-27 08:00:00.001000,0.00005000
2025-03-27 12:00:00,0.00005000
2025-03-27 16:00:00.002000,0.00005000
2025-03-27 20:00:00,0.00005000
2025-03-28 00:00:00.001000,0.00009102
2025-03-28 04:00:00,0.00005000
2025-03-28 08:00:00.001000,0.00018093
2025-03-28 12:00:00,0.00006150
2025-03-28 16:00:00,0.00016470
2025-03-28 20:00:00,0.00005000
2025-03-29 00:00:00,0.00005000
2025-03-29 04:00:00.001000,0.00005000
2025-03-29 08:00:00,0.00005000
2025-03-29 12:00:00,0.00005000
2025-03-29 16:00:00,0.00005000
2025-03-29 20:00:00,0.00005000
2025-03-30 00:00:00,0.00005000
2025-03-30 04:00:00,0.00005000
2025-03-30 08:00:00,0.00005000
2025-03-30 12:00:00,0.00005000
2025-03-30 16:00:00,0.00005000
2025-03-30 20:00:00,0.00005000
2025-03-31 00:00:00,0.00005000
2025-03-31 04:00:00,0.00006572
2025-03-31 08:00:00,0.00005000
2025-03-31 12:00:00,0.00005000
2025-03-31 16:00:00,0.00005000
2025-03-31 20:00:00,0.00006346
2025-04-01 00:00:00,0.00005000
2025-04-01 04:00:00.001000,0.00005000
2025-04-01 08:00:00.001000,0.00005000
2025-04-01 12:00:00,0.00005000
2025-04-01 16:00:00,0.00005000
2025-04-01 20:00:00.003000,0.00005000
2025-04-02 00:00:00.001000,0.00005000
2025-04-02 04:00:00.001000,0.00005000
2025-04-02 08:00:00,0.00005000
2025-04-02 12:00:00.002000,0.00009559
2025-04-02 16:00:00,0.00005000
2025-04-02 20:00:00,0.00009986
2025-04-03 00:00:00,0.00005000
2025-04-03 04:00:00,0.00005000
2025-04-03 08:00:00,0.00008388
2025-04-03 12:00:00,0.00005000
2025-04-03 16:00:00,0.00019882
2025-04-03 20:00:00,0.00005000
2025-04-04 00:00:00,0.00005000
2025-04-04 04:00:00,0.00005000
2025-04-04 08:00:00,0.00005000
2025-04-04 12:00:00,0.00005000
2025-04-04 16:00:00,0.00005000
2025-04-04 20:00:00.001000,0.00005000
2025-04-05 00:00:00,0.00005000
2025-04-05 04:00:00,0.00005582
2025-04-05 08:00:00,0.00005000
2025-04-05 12:00:00,0.00005000
2025-04-05 16:00:00,0.00005000
2025-04-05 20:00:00,0.00005000
2025-04-06 00:00:00,0.00005000
2025-04-06 04:00:00,0.00005000
2025-04-06 08:00:00,0.00005000
2025-04-06 12:00:00.001000,0.00005000
2025-04-06 16:00:00.002000,0.00005000
2025-04-06 20:00:00.001000,0.00005000
2025-04-07 00:00:00,0.00005000
2025-04-07 04:00:00,0.00005000
2025-04-07 08:00:00,0.00005000
2025-04-07 12:00:00,0.00005000
2025-04-07 16:00:00,0.00005000
2025-04-07 20:00:00,0.00005000
2025-04-08 00:00:00,0.00005000
2025-04-08 04:00:00,0.00005000
2025-04-08 08:00:00,0.00005000
2025-04-08 12:00:00,0.00005000
2025-04-08 16:00:00,0.00005000
2025-04-08 20:00:00,0.00005000
2025-04-09 00:00:00,-0.00117407
2025-04-09 04:00:00,0.00005000
2025-04-09 08:00:00.001000,0.00005000
2025-04-09 12:00:00,-0.00010561
2025-04-09 16:00:00,0.00005000
2025-04-09 20:00:00,0.00005000
2025-04-10 00:00:00,0.00005000
2025-04-10 04:00:00,0.00005000
2025-04-10 08:00:00,0.00005000
2025-04-10 12:00:00,0.00005000
2025-04-10 16:00:00,0.00005000
2025-04-10 20:00:00,0.00005000
2025-04-11 00:00:00.001000,0.00005000
2025-04-11 04:00:00.001000,0.00005000
2025-04-11 08:00:00,0.00005000
2025-04-11 12:00:00,0.00005000
2025-04-11 16:00:00,0.00005000
2025-04-11 20:00:00.001000,0.00005000
2025-04-12 00:00:00,0.00005000
2025-04-12 04:00:00,0.00005000
2025-04-12 08:00:00.001000,0.00005000
2025-04-12 12:00:00.001000,0.00005000
2025-04-12 16:00:00,0.00005000
2025-04-12 20:00:00,0.00005000
2025-04-13 00:00:00,0.00005000
2025-04-13 04:00:00,0.00005000
2025-04-13 08:00:00,0.00005000
2025-04-13 12:00:00,0.00005000
2025-04-13 16:00:00,0.00005000
2025-04-13 20:00:00,0.00005000
2025-04-14 00:00:00,0.00005000
2025-04-14 04:00:00,0.00005000
2025-04-14 08:00:00,0.00005000
2025-04-14 12:00:00.002000,0.00005000
2025-04-14 16:00:00,0.00017945
2025-04-14 20:00:00,0.00005000
2025-04-15 00:00:00,0.00005000
2025-04-15 04:00:00.001000,0.00005000
2025-04-15 08:00:00,0.00005000
2025-04-15 12:00:00,0.00005000
2025-04-15 16:00:00.001000,0.00008380
2025-04-15 20:00:00,0.00021990
2025-04-16 00:00:00,0.00018083
2025-04-16 04:00:00,0.00005000
2025-04-16 08:00:00,0.00005000
2025-04-16 12:00:00,0.00005000
2025-04-16 16:00:00,0.00005000
2025-04-16 20:00:00,0.00005000
2025-04-17 00:00:00.001000,0.00005000
2025-04-17 04:00:00,0.00005000
2025-04-17 08:00:00,0.00005000
2025-04-17 12:00:00,0.00005000
2025-04-17 16:00:00.001000,0.00005000
2025-04-17 20:00:00.001000,0.00005000
2025-04-18 00:00:00,0.00015581
2025-04-18 04:00:00,0.00005000
2025-04-18 08:00:00,0.00008881
2025-04-18 12:00:00,0.00007499
2025-04-18 16:00:00,0.00005000
2025-04-18 20:00:00,0.00005000
2025-04-19 00:00:00,0.00005000
2025-04-19 04:00:00,0.00007669
2025-04-19 08:00:00,0.00005000
2025-04-19 12:00:00,0.00005000
2025-04-19 16:00:00,0.00005000
2025-04-19 20:00:00,0.00005627
2025-04-20 00:00:00,0.00005000
2025-04-20 04:00:00,0.00025762
2025-04-20 08:00:00,0.00005000
2025-04-20 12:00:00.001000,0.00005000
2025-04-20 16:00:00,0.00005000
2025-04-20 20:00:00,0.00005000
2025-04-21 00:00:00,0.00005000
2025-04-21 04:00:00,0.00005000
2025-04-21 08:00:00.005000,0.00065267
2025-04-21 12:00:00.002000,0.00026512
2025-04-21 16:00:00.003000,0.00026572
2025-04-21 20:00:00.006000,0.00043483
2025-04-22 00:00:00.008000,0.00013989
2025-04-22 04:00:00,0.00031890
2025-04-22 08:00:00,0.00011162
2025-04-22 12:00:00.001000,0.00012872
2025-04-22 16:00:00,0.00093925
2025-04-22 20:00:00.004000,0.00082200
2025-04-23 00:00:00,0.00044546
2025-04-23 04:00:00,0.00145874
2025-04-23 08:00:00.002000,0.00082534
2025-04-23 12:00:00.005000,0.00084639
2025-04-23 16:00:00,0.00096480
2025-04-23 20:00:00.001000,0.00074816
2025-04-24 00:00:00,0.00055236
2025-04-24 04:00:00.003000,0.00051112
2025-04-24 08:00:00.001000,0.00082369
2025-04-24 12:00:00.001000,0.00036688
2025-04-24 16:00:00.001000,0.00020955
2025-04-24 20:00:00.006000,0.00053693
2025-04-25 00:00:00.007000,0.00037170
2025-04-25 04:00:00.001000,0.00049853
2025-04-25 08:00:00.002000,0.00060002
2025-04-25 12:00:00,0.00017913
2025-04-25 16:00:00.003000,0.00039496
2025-04-25 20:00:00.001000,0.00032692
2025-04-26 00:00:00.002000,0.00038824
2025-04-26 04:00:00.001000,0.00043145
2025-04-26 08:00:00,0.00016485
2025-04-26 12:00:00,0.00033557
2025-04-26 16:00:00.002000,0.00044963
2025-04-26 20:00:00,0.00062725
2025-04-27 00:00:00.001000,0.00052041
2025-04-27 04:00:00.001000,0.00014324
2025-04-27 08:00:00,0.00005000
2025-04-27 12:00:00,0.00023851
2025-04-27 16:00:00,0.00013208
2025-04-27 20:00:00.003000,0.00029478
2025-04-28 00:00:00.001000,0.00005000
2025-04-28 04:00:00.001000,0.00012973
2025-04-28 08:00:00.003000,0.00005000
2025-04-28 12:00:00,0.00025320
2025-04-28 16:00:00.005000,0.00007569
2025-04-28 20:00:00.002000,0.00013206
2025-04-29 00:00:00,0.00031312
2025-04-29 04:00:00,0.00010283
2025-04-29 08:00:00,0.00028576
2025-04-29 12:00:00.001000,0.00039302
2025-04-29 16:00:00.010000,0.00012973
2025-04-29 20:00:00.002000,0.00035418
2025-04-30 00:00:00.001000,0.00009529
2025-04-30 04:00:00.001000,0.00010920
2025-04-30 08:00:00,0.00023109
2025-04-30 12:00:00.001000,0.00012774
2025-04-30 16:00:00.003000,0.00019772
2025-04-30 20:00:00.002000,0.00033732
2025-05-01 00:00:00,0.00016881
2025-05-01 04:00:00.008000,0.00006922
2025-05-01 08:00:00,0.00024696
2025-05-01 12:00:00.001000,0.00022223
2025-05-01 16:00:00.001000,0.00009411
2025-05-01 20:00:00,0.00017438
2025-05-02 00:00:00,0.00018013
2025-05-02 04:00:00,0.00023307
2025-05-02 08:00:00,0.00015278
2025-05-02 12:00:00.005000,0.00021710
2025-05-02 16:00:00.003000,0.00011164
2025-05-02 20:00:00.003000,0.00023557
2025-05-03 00:00:00,0.00030536
2025-05-03 04:00:00.001000,0.00036970
2025-05-03 08:00:00,0.00029542
2025-05-03 12:00:00.006000,0.00041593
2025-05-03 16:00:00,0.00008797
2025-05-03 20:00:00,0.00038804
2025-05-04 00:00:00.001000,0.00036177
2025-05-04 04:00:00.004000,0.00009945
2025-05-04 08:00:00.001000,0.00031103
2025-05-04 12:00:00.006000,0.00015434
2025-05-04 16:00:00.002000,0.00036975
2025-05-04 20:00:00,0.00023083
2025-05-05 00:00:00,0.00027082
2025-05-05 04:00:00,0.00005000
2025-05-05 08:00:00,0.00013890
2025-05-05 12:00:00,0.00005000
2025-05-05 16:00:00.006000,0.00005000
2025-05-05 20:00:00,0.00005000
2025-05-06 00:00:00.002000,0.00024761
2025-05-06 04:00:00,0.00022697
2025-05-06 08:00:00.005000,0.00005933
2025-05-06 12:00:00,0.00005000
2025-05-06 16:00:00,0.00005000
2025-05-06 20:00:00,0.00005000
2025-05-07 00:00:00.002000,0.00031764
2025-05-07 04:00:00.004000,0.00005000
2025-05-07 08:00:00,0.00005000
2025-05-07 12:00:00,0.00005000
2025-05-07 16:00:00.006000,0.00005000
2025-05-07 20:00:00,0.00005000
2025-05-08 00:00:00,0.00033394
2025-05-08 04:00:00.005000,0.00036443
2025-05-08 08:00:00.001000,0.00038437
2025-05-08 12:00:00,0.00056933
2025-05-08 16:00:00.002000,0.00060833
2025-05-08 20:00:00.006000,0.00047977
2025-05-09 00:00:00.001000,0.00071457
2025-05-09 04:00:00,0.00058116
2025-05-09 08:00:00.006000,0.00005000
2025-05-09 12:00:00,0.00005000
2025-05-09 16:00:00,0.00005000
2025-05-09 20:00:00,0.00005000
2025-05-10 00:00:00.001000,0.00005000
2025-05-10 04:00:00.003000,0.00005000
2025-05-10 08:00:00,0.00005000
2025-05-10 12:00:00,0.00005000
2025-05-10 16:00:00.001000,0.00005000
2025-05-10 20:00:00,0.00023268
2025-05-11 00:00:00,0.00064344
2025-05-11 04:00:00,0.00005129
2025-05-11 08:00:00.001000,0.00044156
2025-05-11 12:00:00.001000,0.00028995
2025-05-11 16:00:00.001000,0.00005316
2025-05-11 20:00:00,0.00034099
2025-05-12 00:00:00.004000,0.00022807
2025-05-12 04:00:00.003000,0.00016220
2025-05-12 08:00:00,0.00022817
2025-05-12 12:00:00,0.00039276
2025-05-12 16:00:00,0.00013741
2025-05-12 20:00:00.004000,0.00005000
2025-05-13 00:00:00,0.00005770
2025-05-13 04:00:00,0.00005000
2025-05-13 08:00:00.008000,-0.00007630
2025-05-13 12:00:00,-0.00013155
2025-05-13 16:00:00.001000,-0.00017569
2025-05-13 20:00:00.006000,-0.00010606
2025-05-14 00:00:00.007000,0.00005000
2025-05-14 04:00:00,0.00005000
2025-05-14 08:00:00,0.00005000
2025-05-14 12:00:00,0.00005000
2025-05-14 16:00:00.002000,0.00005000
2025-05-14 20:00:00.007000,0.00005000
2025-05-15 00:00:00,0.00005000
2025-05-15 04:00:00,0.00005000
2025-05-15 08:00:00.003000,0.00005000
2025-05-15 12:00:00,0.00005000
2025-05-15 16:00:00,0.00005000
2025-05-15 20:00:00.001000,0.00005000
2025-05-16 00:00:00.001000,0.00005000
2025-05-16 04:00:00.001000,0.00005000
2025-05-16 08:00:00,0.00005000
2025-05-16 12:00:00.006000,0.00005000
2025-05-16 16:00:00,0.00005000
2025-05-16 20:00:00.002000,0.00005000
2025-05-17 00:00:00,0.00005000
2025-05-17 04:00:00,0.00005000
2025-05-17 08:00:00.001000,0.00005000
2025-05-17 12:00:00.002000,0.00005000
2025-05-17 16:00:00.004000,0.00005000
2025-05-17 20:00:00.003000,0.00005000
2025-05-18 00:00:00,0.00005000
2025-05-18 04:00:00.003000,0.00005000
2025-05-18 08:00:00,0.00005000
2025-05-18 12:00:00.010000,0.00005000
2025-05-18 16:00:00,0.00005000
2025-05-18 20:00:00.001000,0.00005000
2025-05-19 00:00:00,0.00005000
2025-05-19 04:00:00.004000,0.00005000
2025-05-19 08:00:00.006000,0.00005000
2025-05-19 12:00:00,0.00005000
2025-05-19 16:00:00.010000,0.00005000
2025-05-19 20:00:00,0.00005000
2025-05-20 00:00:00,0.00018056
2025-05-20 04:00:00,0.00005000
2025-05-20 08:00:00.002000,-0.00047372
2025-05-20 12:00:00.003000,-0.00037156
2025-05-20 16:00:00,0.00000756
2025-05-20 20:00:00,-0.00003271
2025-05-21 00:00:00,0.00005000
2025-05-21 04:00:00,0.00005000
2025-05-21 08:00:00.001000,0.00005000
2025-05-21 12:00:00.007000,0.00005000
2025-05-21 16:00:00.004000,0.00005000
2025-05-21 20:00:00.001000,0.00005000
2025-05-22 00:00:00.001000,0.00005000
2025-05-22 04:00:00,0.00005000
2025-05-22 08:00:00,0.00005000
2025-05-22 12:00:00,0.00005000
2025-05-22 16:00:00.002000,0.00005000
2025-05-22 20:00:00.001000,0.00005000
2025-05-23 00:00:00.006000,0.00005000
2025-05-23 04:00:00,0.00011689
2025-05-23 08:00:00,0.00005000
2025-05-23 12:00:00.003000,0.00005000
2025-05-23 16:00:00.007000,0.00005000
2025-05-23 20:00:00.006000,0.00005000
2025-05-24 00:00:00.010000,0.00005000
2025-05-24 04:00:00,0.00005000
2025-05-24 08:00:00,0.00005000
2025-05-24 12:00:00.007000,0.00005000
2025-05-24 16:00:00.003000,0.00005000
2025-05-24 20:00:00,0.00005000
2025-05-25 00:00:00.004000,0.00005000
2025-05-25 04:00:00.001000,0.00005000
2025-05-25 08:00:00,-0.00042003
2025-05-25 12:00:00,-0.00037053
2025-05-25 16:00:00,-0.00012471
2025-05-25 20:00:00.010000,0.00005000
2025-05-26 00:00:00,0.00005000
2025-05-26 04:00:00,-0.00019023
2025-05-26 08:00:00,0.00004890
2025-05-26 12:00:00,-0.00002458
2025-05-26 16:00:00.002000,-0.00057078
2025-05-26 20:00:00,-0.00009699
2025-05-27 00:00:00.003000,0.00005000
2025-05-27 04:00:00,0.00000465
2025-05-27 08:00:00.001000,0.00003073
2025-05-27 12:00:00.005000,0.00005000
2025-05-27 16:00:00.005000,0.00005000
2025-05-27 20:00:00.005000,-0.00034351
2025-05-28 00:00:00.002000,0.00005000
2025-05-28 04:00:00.010000,0.00005000
2025-05-28 08:00:00.003000,0.00005000
2025-05-28 12:00:00,0.00005000
2025-05-28 16:00:00.002000,0.00005000
2025-05-28 20:00:00,0.00005000
2025-05-29 00:00:00,0.00005000
2025-05-29 04:00:00,0.00005000
2025-05-29 08:00:00.006000,0.00005000
2025-05-29 12:00:00.001000,0.00005000
2025-05-29 16:00:00,-0.00005606
2025-05-29 20:00:00.010000,-0.00028660
2025-05-30 00:00:00.003000,0.00005000
2025-05-30 04:00:00,-0.00021788
2025-05-30 08:00:00.003000,0.00005000
2025-05-30 12:00:00.006000,-0.00090307
2025-05-30 16:00:00,-0.00117264
2025-05-30 20:00:00.005000,0.00005000
2025-05-31 00:00:00,0.00005000
2025-05-31 04:00:00.004000,0.00005000
2025-05-31 08:00:00,0.00005000
2025-05-31 12:00:00,0.00005000
2025-05-31 16:00:00,0.00005000
2025-05-31 20:00:00.004000,0.00005000
2025-06-01 00:00:00.001000,0.00005000
2025-06-01 04:00:00.001000,0.00005000
2025-06-01 08:00:00.002000,0.00005000
2025-06-01 12:00:00.008000,0.00005000
2025-06-01 16:00:00,0.00005000
2025-06-01 20:00:00.003000,0.00005000
2025-06-02 00:00:00.001000,0.00005000
2025-06-02 04:00:00.004000,0.00005000
2025-06-02 08:00:00,0.00005000
2025-06-02 12:00:00.002000,0.00005000
2025-06-02 16:00:00,0.00005000
2025-06-02 20:00:00.002000,0.00005000
2025-06-03 00:00:00,0.00005000
2025-06-03 04:00:00.001000,0.00076698
2025-06-03 08:00:00,0.00005000
2025-06-03 12:00:00,0.00005000
2025-06-03 16:00:00.001000,0.00016844
2025-06-03 20:00:00,0.00016707
2025-06-04 00:00:00,0.00011380
2025-06-04 04:00:00.001000,0.00005000
2025-06-04 08:00:00,0.00018475
2025-06-04 12:00:00,0.00005000
2025-06-04 16:00:00,0.00012257
2025-06-04 20:00:00.001000,0.00005000
2025-06-05 00:00:00.016000,0.00005000
2025-06-05 04:00:00.001000,0.00011682
2025-06-05 08:00:00,0.00049999
2025-06-05 12:00:00.003000,0.00012273
2025-06-05 16:00:00,0.00005000
2025-06-05 20:00:00.002000,0.00005000
2025-06-06 00:00:00.002000,0.00005000
2025-06-06 04:00:00,0.00005000
2025-06-06 08:00:00,0.00005000
2025-06-06 12:00:00.002000,0.00030183
2025-06-06 16:00:00.006000,0.00023973
2025-06-06 20:00:00,0.00034672
2025-06-07 00:00:00,0.00020376
2025-06-07 04:00:00,0.00028243
2025-06-07 08:00:00,0.00005000
2025-06-07 12:00:00,0.00010398
2025-06-07 16:00:00.002000,0.00005000
2025-06-07 20:00:00.002000,0.00005000
2025-06-08 00:00:00,0.00005000
2025-06-08 04:00:00,0.00005000
2025-06-08 08:00:00,0.00005000
2025-06-08 12:00:00.020000,0.00005000
2025-06-08 16:00:00,0.00005000
2025-06-08 20:00:00.001000,0.00005000
2025-06-09 00:00:00,0.00005000
2025-06-09 04:00:00.003000,0.00005000
2025-06-09 08:00:00.001000,0.00005000
2025-06-09 12:00:00,0.00005000
2025-06-09 16:00:00.001000,-0.00001578
2025-06-09 20:00:00.012000,0.00005000
2025-06-10 00:00:00,0.00005000
2025-06-10 04:00:00,0.00005000
2025-06-10 08:00:00.001000,0.00005000
2025-06-10 12:00:00.005000,0.00005000
2025-06-10 16:00:00.003000,0.00005000
2025-06-10 20:00:00.010000,0.00005000
2025-06-11 00:00:00,-0.00004815
2025-06-11 04:00:00.006000,-0.00025630
2025-06-11 08:00:00,-0.00027001
2025-06-11 12:00:00.007000,0.00005000
2025-06-11 16:00:00.010000,0.00005000
2025-06-11 20:00:00.012000,0.00005000
2025-06-12 00:00:00.002000,0.00005000
2025-06-12 04:00:00,0.00005000
2025-06-12 08:00:00.003000,0.00005000
2025-06-12 12:00:00.001000,0.00005000
2025-06-12 16:00:00.001000,0.00005000
2025-06-12 20:00:00.003000,0.00005000
2025-06-13 00:00:00,0.00005000
2025-06-13 04:00:00.002000,0.00005000
2025-06-13 08:00:00.001000,0.00005000
2025-06-13 12:00:00,0.00005000
2025-06-13 16:00:00.004000,0.00005000
2025-06-13 20:00:00.001000,0.00020282
2025-06-14 00:00:00,0.00014144
2025-06-14 04:00:00,0.00005355
2025-06-14 08:00:00,0.00017154
2025-06-14 12:00:00.007000,0.00019626
2025-06-14 16:00:00,0.00018399
2025-06-14 20:00:00.005000,0.00005000
2025-06-15 00:00:00.005000,0.00007096
2025-06-15 04:00:00.004000,0.00007094
2025-06-15 08:00:00.009000,0.00005000
2025-06-15 12:00:00,0.00011878
2025-06-15 16:00:00,0.00005249
2025-06-15 20:00:00,0.00017130
2025-06-16 00:00:00,0.00043698
2025-06-16 04:00:00.009000,0.00034900
2025-06-16 08:00:00,0.00017167
2025-06-16 12:00:00,0.00020887
2025-06-16 16:00:00.003000,0.00020006
2025-06-16 20:00:00,0.00015607
2025-06-17 00:00:00,0.00029722
2025-06-17 04:00:00,0.00021105
2025-06-17 08:00:00.006000,0.00024056
2025-06-17 12:00:00.001000,0.00005000
2025-06-17 16:00:00.001000,0.00006302
2025-06-17 20:00:00,0.00006569
2025-06-18 00:00:00.001000,0.00025032
2025-06-18 04:00:00.001000,0.00012049
